eform_target,SLICES,eform_chgnet,poscar,novelty
-1.0,Li Li Li Li Li Li Cu Cu S S S S 0 6 +oo 0 6 ooo 0 5 oo- 0 11 o+- 1 8 o-o 1 8 ooo 1 7 +oo 1 10 ooo 2 7 --o 2 10 -oo 2 9 o-o 2 11 ooo 3 11 -oo 3 6 ooo 3 7 oo+ 3 10 o+o 4 10 ooo 4 8 ooo 4 8 ooo 4 9 +oo 5 9 o+o 5 8 o-o 5 10 -oo 6 11 oo- 6 9 ooo 6 8 o+o 7 9 +oo 7 10 -oo 7 11 o-o 7 8 ooo,-0.9477308262117514,Li6 Cu2 S4\n1.0\n   6.2957982277086062    0.0000000000000000    0.0000000000000000\n   3.0547308360511933    5.5808790877266903    0.0000000000000000\n   2.5759433773942657    0.8200531516560847    6.5789566556004866\nLi Cu S\n6 2 4\ndirect\n   0.0436654989478735    0.8890826376242615    0.8377537374630554 Li\n   0.6603973932672136    0.7152985284461053    0.0648233914645415 Li\n   0.3766529433418345    0.3318006092656457    0.2621077222195013 Li\n   0.0897389232747643    0.8729288960046999    0.4511305465399887 Li\n   0.4717394897224204    0.2625257592512685    0.6865662596256674 Li\n   0.7196452864845397    0.6397469738807351    0.5227190992930010 Li\n   0.9220234065537056    0.3498297862068077    0.2833178492257877 Cu\n   0.9844372004213535    0.4500504418033048    0.7812149642248716 Cu\n   0.0948436818087126    0.2098123476389719    0.5547933115744494 S\n   0.7338160466969530    0.8539741456632624    0.7254301477025960 S\n   0.1647260522953733    0.4702609785074302    0.9968383508798541 S\n   0.4949806895838746    0.5513003585481736    0.3813290408446527 S\n,1
-1.0,Rb Rb Ag Mo Br Br Br Br Br Br 0 8 ooo 0 8 o+o 0 4 oo+ 0 4 o+o 0 6 ooo 0 6 +oo 0 5 o+o 0 5 +oo 0 7 oo+ 0 7 +oo 0 9 ooo 0 9 oo+ 1 5 oo- 1 5 ooo 1 7 o-o 1 7 ooo 1 4 -oo 1 4 ooo 1 6 o-o 1 6 oo- 1 8 -oo 1 8 oo- 1 9 -oo 1 9 o-o 2 5 ooo 2 7 ooo 2 6 ooo 2 4 ooo 2 8 ooo 2 9 ooo 3 9 --o 3 8 -o- 3 4 -oo 3 6 o-- 3 7 o-o 3 5 oo-,-0.9894844052880861,Rb2 Ag1 Mo1 Br6\n1.0\n   0.0000000000000009    5.5019527420252281    5.5019527420252281\n   5.5019527420252281    0.0000000000000000    5.5019527420252281\n   5.5019527420252290    5.5019527420252281    0.0000000000000007\nRb Ag Mo Br\n2 1 1 6\ndirect\n   0.2500000000000000    0.2500000000000000    0.2499999999999999 Rb\n   0.7500000000000000    0.7500000000000000    0.7500000000000000 Rb\n   0.0000000000000000    0.0000000000000000    0.0000000000000000 Ag\n   0.5000000000000000    0.5000000000000000    0.4999999999999999 Mo\n   0.7369643293596353    0.2630356706403646    0.7369643293596352 Br\n   0.2630356706403647    0.7369643293596353    0.7369643293596352 Br\n   0.2630356706403647    0.7369643293596354    0.2630356706403646 Br\n   0.7369643293596353    0.7369643293596353    0.2630356706403646 Br\n   0.2630356706403647    0.2630356706403648    0.7369643293596352 Br\n   0.7369643293596353    0.2630356706403648    0.2630356706403647 Br\n,0
-1.0,K K Na Na Na As Pd Pd I I I I I I I I I I 0 15 o-o 0 17 ooo 0 8 ooo 0 16 ooo 0 17 +oo 0 11 +oo 0 9 +oo 1 12 ooo 1 9 ooo 1 14 -oo 1 17 o+o 1 14 -oo 1 16 ooo 1 17 ooo 2 10 ooo 2 16 -oo 2 15 ooo 2 14 -oo 2 10 ooo 2 8 -oo 2 16 ooo 3 13 oo+ 3 9 ooo 3 12 ooo 3 11 +oo 3 17 ooo 3 15 +oo 3 8 ooo 4 15 ooo 4 13 +oo 4 17 ooo 4 14 ooo 5 16 o-o 5 9 o-o 5 13 ooo 5 11 ooo 6 17 --o 6 14 -o- 6 17 ooo 6 13 ooo 7 16 --o 7 10 -oo 7 12 o-o 7 15 ooo,-0.7927637673253037,K2 Na3 As1 Pd2 I10\n1.0\n   9.1929926712702539    0.0000000000000000    0.0000000000000000\n  -1.0213969758990566   10.0740953548774002    0.0000000000000000\n  -2.0320111244923149   -1.0799207392152379   10.6549466482106396\nK Na As Pd I\n2 3 1 2 10\ndirect\n   0.0487355836629973    0.0187903078010406    0.0140294898307998 K\n   0.2342582751812479    0.6537083694512815    0.7316233293873701 K\n   0.9633600879965946    0.5948253934755481    0.2253219487246524 Na\n   0.5745620978502698    0.3977746407924604    0.3291035265086556 Na\n   0.5329606166842495    0.2446572090183674    0.8157972657989395 Na\n   0.5122328514581975    0.7406883025646671    0.0689877457023135 As\n   0.2238948934236991    0.4232237494637580    0.4510000395611594 Pd\n   0.6705185505294617    0.9206367945514504    0.1919033548216391 Pd\n   0.2323615275348742    0.2983847228506170    0.2372724924155548 I\n   0.7106399019125296    0.3740505782569657    0.0843236156128769 I\n   0.2137503635775639    0.3019371113902423    0.8386847937923938 I\n   0.9495384512003787    0.9857603186468030    0.2953784993604827 I\n   0.5911250443364606    0.9715235048028220    0.9468933176145348 I\n   0.6550032526419141    0.7072540275666532    0.3241534541854411 I\n   0.4850031213321588    0.4523278475817566    0.5960437077914132 I\n   0.9605320700335412    0.4649472128953604    0.4819891811109395 I\n   0.2191890058685866    0.6983587609806408    0.0755464855506496 I\n   0.1824693668027616    0.0087181432004081    0.7341966492885899 I\n,1
-1.0,Cr In S S 0 2 oo+ 0 2 o+o 0 2 +oo 0 3 ooo 1 3 --o 1 3 -o- 1 3 o-- 1 2 ooo,-0.4445299635644533,Cr1 In1 S2\n1.0\n   7.2590262477960303   -1.9831677148862685    0.0000000000000000\n   7.2590262477960303    1.9831677148862685    0.0000000000000000\n   6.7172243516310539    0.0000000000000000    3.3919482987530496\nCr In S\n1 1 2\ndirect\n   0.9989217161881625    0.9989217161881625    0.9989217161881624 Cr\n   0.5057670382385545    0.5057670382385546    0.5057670382385545 In\n   0.6420137519068472    0.6420137519068473    0.6420137519068472 S\n   0.1051372735638886    0.1051372735638886    0.1051372735638886 S\n,1
-1.0,Rb Rb Mg Se Se Se Se 0 4 oo- 0 4 o+o 0 4 +oo 0 3 +++ 0 3 oo- 0 3 ooo 0 6 oo- 0 6 ooo 1 6 --- 1 5 -oo 1 5 o-o 1 5 oo+ 1 5 ooo 1 3 oo- 1 6 +oo 1 3 oo- 2 4 --o 2 4 ooo 3 3 ooo,-0.8542976485226005,Rb2 Mg1 Se4\n1.0\n   5.8071922450995714    0.0000000000000000    0.0000000000000000\n   1.6944634534567056    5.7318924108552443    0.0000000000000000\n   1.1118977928885234    1.3089494127018908    7.7055293929234274\nRb Mg Se\n2 1 4\ndirect\n   0.7448054258072510    0.1107891665042802    0.1007293517427101 Rb\n   0.1076038760350330    0.4999878825458179    0.3364752531432405 Rb\n   0.2863700704586046    0.7699234576137368    0.7807401974013555 Mg\n   0.9152495253540260    0.6145248930877780    0.9098966581746862 Se\n   0.2542924818089004    0.2836486312376542    0.8535363286239331 Se\n   0.0465697165510474    0.9707571019720898    0.5117196769080421 Se\n   0.4709246580509331    0.7848407808803066    0.4546680738042265 Se\n,1
-1.0,Sr Sr Co Co N 0 4 ooo 0 4 o+o 0 4 +oo 0 3 ++o 0 3 ooo 0 3 oo+ 0 3 +oo 0 3 +o+ 0 2 oo+ 1 4 oo- 1 4 ++o 1 4 ooo 1 3 o+o 1 3 ooo 1 3 o-o 1 3 ooo 1 2 -o- 1 2 -oo 2 4 oo- 2 4 ooo 2 3 o+- 2 3 o+- 2 3 o+- 2 3 ++- 2 2 o+o 2 4 ooo,-0.21036009572599976,Sr2 Co2 N1\n1.0\n   3.9972499285387464    0.0000000000000000    0.0000000000000000\n   0.8338554477502520    4.6564384819894045    0.0000000000000000\n   0.9787199241756043    2.1682604518283091    6.0421056011825751\nSr Co N\n2 2 1\ndirect\n   0.9149299762590272    0.0522086487208696    0.1281929275516736 Sr\n   0.5396161852881589    0.7820043199491686    0.6835194350672691 Sr\n   0.4599142216773154    0.4891282157906163    0.3426332469304588 Co\n   0.9693028020881108    0.3393124598924186    0.4837632214386921 Co\n   0.3040699171373302    0.1789402444026502    0.3338122778185698 N\n,1
-1.0,Cs Cs Cs Cs Co Co I I I I I I I I 0 8 -oo 0 8 -o+ 0 6 ooo 0 6 ooo 0 12 -oo 0 12 ooo 0 11 oo+ 0 9 o++ 0 13 ooo 0 5 ooo 0 10 ooo 0 12 oo+ 1 9 o-o 1 9 o-o 1 7 ooo 1 7 ooo 1 13 ooo 1 11 oo+ 1 8 +oo 1 10 ooo 1 4 +-o 1 12 +oo 1 11 +oo 1 5 +oo 2 6 ooo 2 11 ooo 2 13 o+o 2 13 oo- 2 12 ooo 2 10 ooo 2 5 o+o 2 4 o+o 2 9 -oo 2 7 -+o 2 11 oo- 2 8 ooo 2 3 o+o 3 13 -oo 3 10 ooo 3 4 ooo 3 9 ooo 3 6 o+o 3 7 -+o 3 7 o+o 3 12 oo+ 3 5 ooo 3 8 ooo 3 9 ooo 3 5 ooo 3 4 ooo 4 11 oo- 4 13 +oo 4 7 o+- 4 12 o+o 4 6 ++o 5 10 o+- 5 9 ++- 5 6 ooo 5 12 oo+ 5 13 ooo,-0.6159677266029577,Cs4 Co2 I8\n1.0\n   6.4339710885557801    0.0000000000000000    0.0000000000000000\n  -0.9111417105990363   13.9765986809484630    0.0000000000000000\n  -1.4248703358086425   -5.4538705122289546   21.5491142809796514\nCs Co I\n4 2 8\ndirect\n   0.1528458559389008    0.9347469374154294    0.9360084316670501 Cs\n   0.0177066859035965    0.0152314481238700    0.1914642330640843 Cs\n   0.3366473908743389    0.0065015456197406    0.6245713125630491 Cs\n   0.1422515728953437    0.7196707115175039    0.7193759030059255 Cs\n   0.0503805806739819    0.8109712538663884    0.4653310563211779 Co\n   0.2562932555916113    0.6784581820947468    0.4137248362049732 Co\n   0.8850114530102735    0.6957656257019679    0.3593363512271357 I\n   0.0413755393821337    0.4448441010929597    0.2459665404276708 I\n   0.7821689435388611    0.9290432442084106    0.5138463503085330 I\n   0.7462114360314893    0.2661016714428108    0.2280784891658531 I\n   0.6876376504929663    0.0919987381050232    0.9631172485523987 I\n   0.5129249395854750    0.8731163916534868    0.2291732271584612 I\n   0.2273179016451475    0.7037111680696958    0.5392736469631758 I\n   0.3186616977368468    0.4978036402123892    0.3679300056158789 I\n,1
-1.0,K K Ce Cu Te Te Te Te 0 6 --- 0 6 ooo 0 2 --- 0 2 o-o 0 2 oo- 0 0 ++o 0 4 ooo 0 4 --o 0 3 o-o 0 3 ooo 0 0 +oo 0 0 oo+ 0 1 ooo 0 1 +++ 1 3 --- 1 3 --o 1 2 -oo 1 2 --- 1 2 oo- 1 2 ooo 1 7 -oo 1 7 o+o 1 7 -oo 1 5 ooo 1 5 --o 1 5 ooo 1 6 -oo 1 6 --o 1 4 ooo 2 4 ooo 2 5 o-o 2 7 +oo 2 6 -oo 2 6 --o 2 3 ooo 3 4 --o 3 7 ooo 3 7 ooo 3 5 ooo 3 5 o-o,-0.8567879049859619,K2 Ce1 Cu1 Te4\n1.0\n   5.3956988247656259    0.0000000000000000    0.0000000000000000\n   0.2618719134770389    6.5811150815880879    0.0000000000000000\n   0.3132234248645993    0.0382622584130849   10.4787525150882743\nK Ce Cu Te\n2 1 1 4\ndirect\n   0.1521467476248648    0.7813180502727044    0.9257949674628091 K\n   0.9909660633128187    0.8422636192905898    0.4625620000334289 K\n   0.4228251889026535    0.2812786962731433    0.2103418859043272 Ce\n   0.5155397969128478    0.5553630310724942    0.4147929595809522 Cu\n   0.5004166195464743    0.7857581527961851    0.2220922400268207 Te\n   0.9313400134710005    0.2821817871906266    0.0410865411287636 Te\n   0.3865449463020794    0.2781237488189076    0.9055491177850766 Te\n   0.9098211137110890    0.3426395793118117    0.3788462335128427 Te\n,1
-1.0,Tm Tm In Sb Ag Ag Ag Ag S S S S S S 0 9 ooo 0 11 oo- 0 10 +o- 0 12 +oo 0 7 ooo 0 13 o+o 1 8 o-o 1 6 -oo 1 10 -oo 1 6 o-o 1 7 ooo 1 13 oo- 2 9 oo+ 2 12 oo+ 2 8 ooo 2 6 ooo 2 12 ooo 3 7 ooo 3 12 o+o 3 11 oo- 3 9 ooo 3 13 +oo 4 11 ooo 4 8 ooo 4 12 ooo 4 8 o+o 5 13 ooo 5 7 ooo 5 10 ooo 5 9 ooo 6 8 o-o 6 13 ooo 6 10 o-o 6 11 ooo 7 9 o-o 7 12 -oo 7 11 ooo 7 13 ooo,-0.7004587166364394,Tm2 In1 Ag4 Sb1 S6\n1.0\n   4.1577441965926649    0.0000000000000000    0.0000000000000000\n   1.3150974595209444    7.8503764741896847    0.0000000000000000\n   1.5921417686814854    1.1089633127037126   10.4393341037511540\nTm In Ag Sb S\n2 1 4 1 6\ndirect\n   0.9792203036448542    0.8680871292618932    0.0582055447306384 Tm\n   0.4439642828084097    0.3121138289381712    0.7774373597153910 Tm\n   0.8663341604911646    0.1909976158359811    0.2490188554445667 In\n   0.3202697806322264    0.2036296356884676    0.4271289506212446 Ag\n   0.3014095166762412    0.4185036119643826    0.1877071678736769 Ag\n   0.6953932678721251    0.8712823010563726    0.5254128477120877 Ag\n   0.1005493452854113    0.8622405618179532    0.7264311070929119 Ag\n   0.1276399178547642    0.5774846948365291    0.4154921264905094 Sb\n   0.4609361421497172    0.7136670446053808    0.1985548012496929 S\n   0.8641473836197311    0.4159428531041346    0.8953636972373373 S\n   0.1093894535523617    0.6386920745631224    0.9010874873601039 S\n   0.4355425975126496    0.0673066575904434    0.9795500992453912 S\n   0.4799922042056460    0.5879448759688140    0.5881668802952370 S\n   0.8718070894311761    0.1256636293080899    0.6070714317769114 S\n,1
-1.0,Rb Rb Tl Ag I I I I I I 0 8 ooo 0 8 o+o 0 4 oo+ 0 4 o+o 0 6 ooo 0 6 +oo 0 5 o+o 0 5 +oo 0 7 oo+ 0 7 +oo 0 9 ooo 0 9 oo+ 1 5 oo- 1 5 ooo 1 7 o-o 1 7 ooo 1 4 -oo 1 4 ooo 1 6 o-o 1 6 oo- 1 8 -oo 1 8 oo- 1 9 -oo 1 9 o-o 2 5 ooo 2 7 ooo 2 6 ooo 2 4 ooo 2 8 ooo 2 9 ooo 3 9 --o 3 8 -o- 3 4 -oo 3 6 o-- 3 7 o-o 3 5 oo-,-0.7792754590068359,Rb2 Tl1 Ag1 I6\n1.0\n   0.0000000000000010    6.0756776717184211    6.0756776717184211\n   6.0756776717184211    0.0000000000000000    6.0756776717184211\n   6.0756776717184220    6.0756776717184211    0.0000000000000007\nRb Tl Ag I\n2 1 1 6\ndirect\n   0.2500000000000001    0.2500000000000001    0.2499999999999999 Rb\n   0.7500000000000001    0.7500000000000001    0.7499999999999998 Rb\n   0.5000000000000001    0.5000000000000001    0.4999999999999998 Tl\n   0.0000000000000000    0.0000000000000000    0.0000000000000000 Ag\n   0.2384513488893990    0.7615486511106011    0.2384513488893989 I\n   0.7615486511106013    0.7615486511106013    0.2384513488893987 I\n   0.7615486511106012    0.2384513488893989    0.7615486511106012 I\n   0.7615486511106011    0.2384513488893989    0.2384513488893989 I\n   0.2384513488893987    0.7615486511106009    0.7615486511106012 I\n   0.2384513488893990    0.2384513488893990    0.7615486511106010 I\n,1
-1.0,Al As Se Se 0 2 oo- 0 2 +o- 0 2 ooo 0 3 +oo 1 3 ooo 1 3 o+o 1 3 o++ 1 2 ooo,-0.40750296116332985,Al1 As1 Se2\n1.0\n   3.8477496636751432    0.0000000000000000    0.0000000000000000\n  -0.6215377568163958    5.6032366146194628    0.0000000000000000\n  -1.8192485049811127   -0.3349679858156939    5.8779921210655672\nAl As Se\n1 1 2\ndirect\n   0.0210528853607835    0.8853111658419635    0.0119428436222856 Al\n   0.4593217560562595    0.1123429394870184    0.8127932481832493 As\n   0.4446747987046261    0.6209611641829398    0.9464336032085087 Se\n   0.1841556595806913    0.9962315730829091    0.4322772519299033 Se\n,1
-1.0,In Ag O O 0 2 o-o 0 2 -oo 0 2 oo- 0 3 --o 0 3 o-- 0 3 -o- 1 3 o-o 1 3 -oo 1 3 oo- 1 2 oo+ 1 2 +oo 1 2 o+o,-0.9841788211767581,In1 Ag1 O2\n1.0\n   6.0247401242303349   -1.6399745891115665    0.0000000000000000\n   6.0247401242303349    1.6399745891115665    0.0000000000000000\n   5.5783280637142418    0.0000000000000000    2.8052212445760358\nIn Ag O\n1 1 2\ndirect\n   0.0000000000000001    0.0000000000000000    0.0000000000000000 In\n   0.5000000000000000    0.5000000000000001    0.5000000000000000 Ag\n   0.2684758156737942    0.2684758156737942    0.2684758156737942 O\n   0.7315241843262057    0.7315241843262058    0.7315241843262059 O\n,1
-1.0,Na Na Bi Bi S S S S 0 7 o-o 0 6 +oo 0 5 ooo 0 4 ooo 1 4 o-o 1 4 -oo 1 4 ooo 1 6 ooo 2 5 -oo 2 6 o+o 2 7 ooo 2 7 ooo 3 6 ooo 3 5 ooo 3 4 oo+ 3 7 o-o,-0.6433551812731935,Na2 Bi2 S4\n1.0\n   5.5185224210033921    0.0000000000000000    0.0000000000000000\n  -1.7372821601798276    6.6833478239321469    0.0000000000000000\n  -2.5718394917684333   -2.0261356027881292    7.1585671272080003\nNa Bi S\n2 2 4\ndirect\n   0.0259937306384991    0.9803725726052932    0.9928615702018280 Na\n   0.4049470310680922    0.1776240198993073    0.6916242013244994 Na\n   0.8770840004763575    0.3603389532415372    0.3659223483361406 Bi\n   0.5240564694870181    0.8705024284991090    0.3090695886339051 Bi\n   0.8601247635769590    0.1031244802521496    0.6314437794245519 S\n   0.9348344998120698    0.7297028591060956    0.2621304891999848 S\n   0.5899285382209115    0.0807040468849671    0.0454227527965697 S\n   0.3605384604351032    0.2582913484744759    0.3575751229537939 S\n,1
-3.0,Na Sm O O 0 2 o-o 0 2 -oo 0 2 oo- 0 3 --o 0 3 o-- 0 3 -o- 1 3 o-o 1 3 -oo 1 3 oo- 1 2 oo+ 1 2 +oo 1 2 o+o,-2.701016733881836,Na1 Sm1 O2\n1.0\n   5.7265438349562698   -1.7656071357893286    0.0000000000000000\n   5.7265438349562698    1.7656071357893286    0.0000000000000000\n   5.1821721078211356    0.0000000000000000    3.0092798302162773\nNa Sm O\n1 1 2\ndirect\n   0.0000000000000000    0.0000000000000000    0.0000000000000000 Na\n   0.5000000000000000    0.4999999999999996    0.5000000000000000 Sm\n   0.2383237995659353    0.2383237995659355    0.2383237995659355 O\n   0.7616762004340647    0.7616762004340647    0.7616762004340647 O\n,0
-3.0,Cs Cs Al In F F F F F F 0 8 oo- 0 8 ooo 0 6 o-o 0 6 ooo 0 4 -oo 0 4 ooo 0 5 o-o 0 5 oo- 0 7 -oo 0 7 oo- 0 9 -oo 0 9 o-o 1 7 ooo 1 7 o+o 1 4 oo+ 1 4 o+o 1 5 ooo 1 5 +oo 1 8 o+o 1 8 +oo 1 6 oo+ 1 6 +oo 1 9 ooo 1 9 oo+ 2 8 ooo 2 6 ooo 2 5 ooo 2 4 ooo 2 7 ooo 2 9 ooo 3 9 --o 3 7 -o- 3 4 -oo 3 5 o-- 3 6 o-o 3 8 oo-,-3.1750537597208357,Cs2 Al1 In1 F6\n1.0\n   4.5894322427185896    4.5888792261421605    0.0000000000000000\n   4.5894322427185896   -4.5888792261421605    0.0000000000000000\n   0.0000000000000000   -4.4746186319855878   -4.5880677479209995\nCs Al In F\n2 1 1 6\ndirect\n   0.0000822069403383    0.5061661197885876    0.9996373634313055 Cs\n   0.4938338802114124    0.9999177930596617    0.9996373634313055 Cs\n   0.7519466463403102    0.2480533536596898    0.5003226086847938 Al\n   0.2567471260199228    0.7432528739800772    0.5007918996417067 In\n   0.9469248492411997    0.0530751507588004    0.9015298508336452 F\n   0.5520171757533374    0.4479828242466626    0.0984705568234612 F\n   0.5487008300109123    0.0498923081631580    0.4999099627748532 F\n   0.9501076918368420    0.4512991699890876    0.4999099627748532 F\n   0.9475176204908130    0.0524823795091870    0.4927175929663663 F\n   0.5521899947604154    0.4478100052395846    0.5060980814247543 F\n,0
-3.0,Ba Eu Tb W O O O O O O 0 5 ooo 0 5 o+o 0 7 ooo 0 6 ooo 0 9 oo+ 0 9 oo+ 0 4 o+o 0 4 +oo 0 8 oo+ 0 8 +oo 0 6 ooo 0 6 oo+ 1 4 oo- 1 4 ooo 1 7 o-o 1 7 ooo 1 9 -oo 1 9 ooo 1 5 o-o 1 5 oo- 1 8 -oo 1 8 oo- 1 6 -oo 1 6 o-o 2 5 ooo 2 7 ooo 2 9 ooo 2 4 ooo 2 8 ooo 2 6 ooo 3 6 --o 3 8 -o- 3 4 -oo 3 9 o-- 3 7 o-o 3 5 oo-,-2.142924436229818,Ba1 Tb1 Eu1 W1 O6\n1.0\n   3.5069535031546182    0.0000000000000000    0.0000000000000000\n  -1.7419832375318391    6.3895433515302384    0.0000000000000000\n  -0.0518157603656637   -1.3732574371652955    6.8787541504954435\nBa Tb Eu W O\n1 1 1 1 6\ndirect\n   0.2499555536367934    0.0173658070363956    0.0902281912082740 Ba\n   0.6147966834508318    0.5547614338461146    0.3456107412732105 Tb\n   0.0468870725852967    0.4745376067623768    0.8463635741406873 Eu\n   0.2892033363085323    0.0203972255899245    0.5889316674044700 W\n   0.1723759644572874    0.7126488572976395    0.5843800104556159 O\n   0.4450896157707260    0.3175210599796943    0.5745738490061427 O\n   0.8366648570878614    0.9385538524839434    0.3987660177743506 O\n   0.6268627723306979    0.6645069009016427    0.0274096592312030 O\n   0.0035597270855545    0.3648765864392657    0.1992708419044242 O\n   0.7309756547855873    0.0849576165565193    0.7862263690961986 O\n,1
-3.0,Cs Mg P P P O O O O O O O O O 0 11 ooo 0 11 ooo 0 13 o+o 0 5 +oo 0 12 ++o 0 6 ++o 0 6 o+o 0 8 +oo 0 9 +++ 0 9 ooo 0 10 oo+ 0 4 o+o 0 10 o+o 0 10 +oo 0 2 o+o 0 2 +oo 1 8 -oo 1 9 ooo 1 7 o-o 1 5 ooo 2 9 -oo 2 10 ooo 2 7 o-o 2 5 ooo 3 5 ooo 3 12 ooo 3 11 ooo 3 13 ooo 4 10 ooo 4 6 ooo 4 12 ooo 4 8 ooo,-1.8611816291202972,Cs1 Mg1 P3 O9\n1.0\n  -6.8969976448738084    0.0000000000000000    0.0000000000000000\n   3.1625324685930187    6.2199869770809304    0.0000000000000000\n  -0.0304793226094678   -2.9600185320811296   -7.0819716615695674\nCs Mg P O\n1 1 3 9\ndirect\n   0.8899889532680277    0.2322733671945196    0.1597416845951145 Cs\n   0.5641575678105935    0.8159026748833509    0.5526486539692312 Mg\n   0.5046487565907470    0.2609515701350227    0.6968527541045790 P\n   0.5704859902488822    0.6266709419630716    0.1995574020161452 P\n   0.5612280266719784    0.6311234746436616    0.8170675948483486 P\n   0.5145088048235084    0.7038227970798585    0.0279128621001100 O\n   0.6188650668032195    0.4324668137917929    0.0939436993940308 O\n   0.6230347040672052    0.1336754532765217    0.7233349321325211 O\n   0.3837635443980187    0.6269092427864082    0.6967429034466668 O\n   0.4346275775223656    0.2025693490682611    0.4736075778751004 O\n   0.2510558399164429    0.1053706144468531    0.5792869219319530 O\n   0.3670297252538435    0.5675903522318749    0.2966464661159702 O\n   0.7940380146125862    0.7782533394990201    0.7966343946833973 O\n   0.7541210794659347    0.8558726141561072    0.3468882592700877 O\n,1
-3.0,Na Hf Ni Ni F F F F F F F F F F 0 11 ooo 0 7 ooo 0 6 ooo 0 5 ooo 0 10 ooo 0 12 ooo 0 13 ooo 0 13 ooo 1 10 ooo 1 9 oo+ 1 4 ooo 1 12 ooo 1 11 ooo 1 8 ooo 1 5 ooo 1 12 ooo 2 7 --o 2 4 -oo 2 6 -oo 2 5 o-o 2 12 o-o 2 9 ooo 3 13 --o 3 8 -o- 3 9 -oo 3 11 o-- 3 10 o-o 3 13 ooo 4 10 ooo 4 12 ooo 4 8 ooo 4 5 ooo 5 9 oo+ 5 7 ooo 5 6 o++ 5 11 ooo 6 9 +o+ 6 12 +o+ 6 11 ooo 6 13 ooo 6 10 +oo,-2.532619030173382,Na1 Hf1 Ni2 F10\n1.0\n   5.6604720057531317    0.0000000000000000    0.0000000000000000\n  -1.0932136946089803    6.1881539252111102    0.0000000000000000\n  -0.5251534142939782   -2.1326691983952095    6.3862714877153728\nNa Hf Ni F\n1 1 2 10\ndirect\n   0.1246983161571836    0.8239079322337611    0.1629405175079062 Na\n   0.5344764084553811    0.4809096589418522    0.7906972853109326 Hf\n   0.0987394398833639    0.4172291351073820    0.4885347358371444 Ni\n   0.6190349517109482    0.3833540840128221    0.2388643549659815 Ni\n   0.6830558347782091    0.2902851813655087    0.9428361369085628 F\n   0.0275699210720516    0.1799703234033846    0.2416034579133799 F\n   0.9355995518429708    0.5983084111867629    0.3366034267798431 F\n   0.4765536089949772    0.0886457211457911    0.2229626411605358 F\n   0.3995551283276363    0.5248949919346670    0.0760342616479358 F\n   0.2432604233987922    0.6393777852416693    0.7711509449453827 F\n   0.4660795296437777    0.5416488946374085    0.4835774472748217 F\n   0.7808539846454617    0.3562797296233038    0.6038104213594292 F\n   0.2740320580026852    0.2096134752807765    0.6209991014292391 F\n   0.7818209106384025    0.7550527177563214    0.9229475016625580 F\n,1
-3.0,Tb Tb Mn Mn O O O O O O 0 8 ooo 0 6 -oo 0 5 o-o 0 5 ooo 0 9 o-o 0 7 ooo 1 9 oo- 1 4 oo- 1 4 o-o 1 6 oo- 1 7 ooo 1 5 oo- 2 6 ooo 2 4 +oo 2 8 o+o 2 9 oo+ 2 8 ooo 3 9 oo+ 3 6 ooo 3 7 ooo 3 8 ooo 3 4 +oo,-2.1327417427721342,Tb2 Mn2 O6\n1.0\n   5.4744216193036923    0.0000000000000000    0.0000000000000000\n   1.0539107713228157    5.4679893854463506    0.0000000000000000\n   1.2768243351420918    2.4649554444184272    5.0155101598321918\nTb Mn O\n2 2 6\ndirect\n   0.1898253738205773    0.6482860259339915    0.8595398824686614 Tb\n   0.7050410271346211    0.3096211761574902    0.3105285223546737 Tb\n   0.2707056857108439    0.7926438574641044    0.2951855232688703 Mn\n   0.7390091767416060    0.6613712560081376    0.5960632173725446 Mn\n   0.9056677941117863    0.3951623819625459    0.8964493302021056 O\n   0.4857030226780327    0.9663375693301459    0.4048457909284592 O\n   0.9829819121788766    0.9231151955532803    0.5112828873927762 O\n   0.0080636411859225    0.5990726808207817    0.2724082017829453 O\n   0.4895240052755446    0.7005278510713554    0.0348880437579091 O\n   0.4790308078942787    0.4543901203071785    0.6135850844321682 O\n,1
-4.0,Y Y Y Y Ho Ho Zr Zr O O O O O O O O O O O O 0 15 -oo 0 17 -o+ 0 18 -oo 0 19 oo+ 0 12 ooo 0 9 oo+ 1 18 ooo 1 13 o+o 1 15 o+o 1 16 o+o 1 17 ooo 1 17 ooo 2 8 ooo 2 10 ooo 2 12 o-o 2 19 o-o 2 16 ooo 2 19 o-o 2 9 ooo 3 16 ooo 3 12 ooo 3 14 ooo 3 18 ooo 3 17 ooo 3 11 oo- 3 14 ooo 4 10 ooo 4 13 +oo 4 17 +oo 4 18 ooo 5 16 oo- 5 11 ooo 5 15 o+- 5 19 ooo 5 8 ooo 5 9 ooo 6 17 ooo 6 18 ooo 6 16 ooo 6 13 ooo 6 10 oo- 6 12 ooo 7 14 ooo 7 15 oo+ 7 19 -oo 7 8 -oo 7 18 ooo 7 9 ooo,-3.2602965342617196,Y4 Ho2 Zr2 O12\n1.0\n   5.9685362963404849    0.0000000000000000    0.0000000000000000\n  -1.8662791453350844    5.7823769346366625    0.0000000000000000\n  -1.6179885718881895   -1.8270219295964261   10.7404360312344771\nY Ho Zr O\n4 2 2 12\ndirect\n   0.7150462930613617    0.9911153247216745    0.9351214867770382 Y\n   0.2107733519263408    0.0394986893919862    0.4184695106741027 Y\n   0.7718736030003454    0.0460508534954928    0.5814452587373611 Y\n   0.0801439694729375    0.5151428919314988    0.8783841944343170 Y\n   0.4985701670487450    0.4736288114399779    0.6613649701096698 Ho\n   0.4434144988025939    0.5851633992880331    0.3221184527001453 Ho\n   0.9201333431466613    0.6772148842117465    0.1305299800008823 Zr\n   0.7550187679407597    0.1564584414316905    0.2710765032369693 Zr\n   0.5031331335937947    0.7007109977358429    0.5316117696877027 O\n   0.9848461426802314    0.8094345432562361    0.9640996811547635 O\n   0.1152056156120733    0.2853839993547259    0.3026407109551013 O\n   0.6144980041459424    0.2559808541776211    0.4704404121283290 O\n   0.1671655221665480    0.2158851414751607    0.5954867246175091 O\n   0.8082938129809202    0.9106160048949851    0.3800618287093862 O\n   0.6899246207577583    0.8827003796663213    0.1289826637067258 O\n   0.2433658958947190    0.8061816311626187    0.2445056331441728 O\n   0.4319332284728520    0.6655553192647109    0.8223978073048124 O\n   0.6703312731520726    0.4364378416561068    0.2196834259756592 O\n   0.7737192956353743    0.2059560966278260    0.7759823422864578 O\n   0.9113947164978388    0.3661520879039709    0.0349802949255391 O\n,1
-4.0,Tm Tm Ta Ta O O O O O O O O 0 5 -o- 0 4 oo- 0 10 -oo 0 8 oo- 0 6 ooo 0 9 o+- 1 9 o-o 1 8 o-o 1 7 ooo 1 10 o-o 1 7 ooo 1 11 +oo 2 11 oo- 2 5 oo- 2 11 ooo 2 9 ooo 2 6 ooo 2 4 ooo 3 7 -oo 3 10 ooo 3 8 -oo 3 5 o+o 3 9 ooo 3 6 ooo,-3.0589302535823566,Tm2 Ta2 O8\n1.0\n   3.8179618940689091    0.0000000000000000    0.0000000000000000\n   0.0998994693578704    3.9422393055706100    0.0000000000000000\n   0.0513295947738146    0.2623733084501328   12.4921979455400720\nTm Ta O\n2 2 8\ndirect\n   0.3374073800295316    0.0526872112696108    0.9415299015825283 Tm\n   0.8447885240019363    0.2393555324671623    0.4453246365280194 Tm\n   0.3681347539113755    0.8645126659457303    0.6297061143644671 Ta\n   0.3867031488353887    0.9078355680340732    0.2588551129132428 Ta\n   0.3612047493046840    0.9564755461686838    0.4432548193819409 O\n   0.3499627142301898    0.8668231059889396    0.7739177142016436 O\n   0.8688763872036372    0.9016584863371747    0.5900116774310842 O\n   0.4064958142320987    0.4330970369688764    0.2954999350746289 O\n   0.8290088830483111    0.2798015532637277    0.9379728386969788 O\n   0.8847426962806448    0.9650800128158770    0.2935037177092537 O\n   0.3868074230788580    0.3862262207559060    0.5966036809708934 O\n   0.3565268197542889    0.9102721547343346    0.1139774470351470 O\n,1
-4.0,Lu Lu P P O O O O O O O O 0 10 --o 0 9 o-o 0 7 -oo 0 4 -oo 0 5 o-o 0 6 ooo 1 8 oo- 1 11 oo- 1 7 +o- 1 4 oo- 1 5 ooo 1 6 ooo 2 9 ooo 2 8 ooo 2 6 ooo 2 4 ooo 2 5 ooo 3 10 oo+ 3 7 ooo 3 11 ooo 3 8 oo+ 3 6 o+o 4 8 ooo 4 10 +oo 5 5 +oo 5 7 ooo,-2.7277829741372916,Lu2 P2 O8\n1.0\n   4.2036765223375099    0.0000000000000000    0.0000000000000000\n   1.5618679770635520    5.4115108799837364    0.0000000000000000\n   1.9407677853674767    0.8470906786425184    8.6071369973426357\nLu P O\n2 2 8\ndirect\n   0.5992077827349387    0.5778664444278638    0.2324733966579539 Lu\n   0.9641231204734503    0.7516979844123390    0.4990964931364176 Lu\n   0.9210692534061512    0.2154004205408839    0.7663604755902251 P\n   0.3623761470611365    0.1027724791545037    0.9923712957803669 P\n   0.9715087621730686    0.4579687195784662    0.6828596366835922 O\n   0.0915402555187622    0.5923518761575929    0.2832522117333521 O\n   0.4774757204487756    0.7817012653516456    0.4303906059548949 O\n   0.6221127349644765    0.2771456659258662    0.9196615373600457 O\n   0.8782687780477000    0.0292676790958036    0.6751496059821174 O\n   0.5624729321890842    0.8436087827977727    0.0327526716137172 O\n   0.0926693896024149    0.2245339752457389    0.1141186108865377 O\n   0.2343807357864216    0.0648320277213718    0.8433951124657727 O\n,1
-4.0,Na Na Na Na Hf Hf F F F F F F F F F F F F F F 0 10 --o 0 18 -oo 0 17 -oo 0 8 ooo 0 15 o-o 0 9 ooo 1 11 -oo 1 12 -oo 1 12 -oo 1 14 ooo 1 13 ooo 1 19 ooo 2 14 --o 2 10 ooo 2 11 --o 2 16 -oo 2 17 -oo 2 13 ooo 2 15 o-o 2 7 ooo 3 16 ooo 3 11 o-o 3 18 ooo 3 19 ooo 3 9 ooo 3 8 oo+ 3 19 ooo 3 18 ooo 4 16 ooo 4 13 ooo 4 12 ooo 4 9 ooo 4 7 ooo 5 18 ooo 5 18 ooo 5 6 ooo 5 10 ooo 5 12 ooo 5 19 ooo 5 17 ooo,-3.2627503210634687,Na4 Hf2 F14\n1.0\n   8.7508264013221027    0.0000000000000000    0.0000000000000000\n   3.8847852767243345    8.4690474369175099    0.0000000000000000\n   1.3432574963264103    2.3048009159331735   10.0973185285573681\nNa Hf F\n4 2 14\ndirect\n   0.9551271499950336    0.1621114262705428    0.8901346212484597 Na\n   0.2234432149874761    0.2441946454225283    0.6758878817799978 Na\n   0.1227657530269075    0.8141699252103831    0.7653822708116325 Na\n   0.4277731881478745    0.8510350332387882    0.7072411803463846 Na\n   0.5351276354659217    0.4199676270515617    0.8110743500332006 Hf\n   0.6571525820850903    0.0084305673135590    0.8511568283753016 Hf\n   0.4853055922179177    0.2078756974138609    0.9212923913272735 F\n   0.2466280850330608    0.8627835733705700    0.5800975844030982 F\n   0.2180940077165818    0.3695098420163625    0.3486680189365713 F\n   0.1943013938698467    0.0042700075836629    0.8137478157957762 F\n   0.5754355714605823    0.8502152212088206    0.9539441238828350 F\n   0.9696202489136587    0.3616399214692316    0.7487520928972535 F\n   0.8478735355391576    0.8688136472275855    0.7570675876826890 F\n   0.5138199704057274    0.0556921329799991    0.6986624932624483 F\n   0.5958908409182475    0.5897895289400574    0.7009526254368318 F\n   0.3367974753926080    0.5734773403297735    0.8886744927521459 F\n   0.7164228175756968    0.2099997996877802    0.7466063534716710 F\n   0.8201899958344625    0.9796564451495422    0.9809324131582083 F\n   0.6920418801925414    0.3527511917253476    0.9555701514437076 F\n   0.3923594038932552    0.4105603486793777    0.6838950615546876 F\n,1
-4.0,Na Na Na Sc F F F F F F 0 8 oo- 0 8 ooo 0 6 o-o 0 6 ooo 0 7 -oo 0 7 ooo 0 5 o-o 0 5 oo- 0 4 -oo 0 4 oo- 0 9 -oo 0 9 o-o 1 7 ooo 1 7 o+o 1 4 oo+ 1 4 o+o 1 5 ooo 1 5 +oo 1 8 o+o 1 8 +oo 1 6 oo+ 1 6 +oo 1 9 ooo 1 9 oo+ 2 8 ooo 2 6 ooo 2 5 ooo 2 4 ooo 2 7 ooo 2 9 ooo 3 9 --o 3 7 -o- 3 4 -oo 3 5 o-- 3 6 o-o 3 8 oo-,-3.537248743917125,Na3 Sc1 F6\n1.0\n   5.6940687802797489    0.0000000000000000    0.0000000000000000\n   2.8269337515849036    5.1033512773407024    0.0000000000000000\n   2.8418319857785876    1.6526741204701312    4.8229138884225620\nNa Sc F\n3 1 6\ndirect\n   0.9669045207720433    0.0206702825125116    0.9946403833208967 Na\n   0.5325624738794031    0.5203508822853440    0.5133849802619552 Na\n   0.7544508571830644    0.7857357068375860    0.7260872899766132 Na\n   0.2565929644229699    0.2829107847642686    0.2286806308137339 Sc\n   0.5856913182395752    0.4294281435319579    0.9322659809403971 F\n   0.9430018011243906    0.1278122101794608    0.5361285757320862 F\n   0.5483915596456768    0.9543211876576475    0.4028444195352118 F\n   0.9711794998132366    0.6052647730144683    0.0414915200326346 F\n   0.3455331357074145    0.0764081001225657    0.9796466646672629 F\n   0.1735025702656607    0.5259582518164597    0.4386382633235766 F\n,1
-4.0,Gd Gd O O O 0 4 ooo 0 4 +o+ 0 3 o-o 0 3 oo+ 0 2 +++ 0 2 ooo 0 2 +oo 1 2 -oo 1 2 o+o 1 2 ooo 1 4 ooo 1 3 ++o 1 3 o+o 1 3 ooo 2 4 --o 2 4 ooo 2 4 -oo 2 4 ooo,-3.4264919445507815,Gd2 O3\n1.0\n   3.7410648274806109    0.0000000000000000    0.0000000000000000\n   1.8530670374514615    3.2548887222842575    0.0000000000000000\n   0.0253377926985525    0.0262157048327557    5.9424856718018662\nGd O\n2 3\ndirect\n   0.0968224447885403    0.7916753657488673    0.1379232778083061 Gd\n   0.7608375581951876    0.4518334943301212    0.6455547261183596 Gd\n   0.7633270909577670    0.4543665279873685    0.2426821908159677 O\n   0.4374947036900937    0.1202815803875075    0.8886411479593861 O\n   0.0963374713298406    0.7880039867743749    0.5380745278666336 O\n,0
-4.0,Na Na Al Al F F F F F F F F 0 11 --- 0 9 oo- 0 4 -o- 0 8 o-o 0 5 ooo 0 10 o-- 0 6 ooo 1 8 oo- 1 10 ooo 1 5 o+o 1 11 ooo 1 7 oo- 1 9 oo- 1 9 ooo 2 9 --o 2 4 -oo 2 4 o-o 2 8 ooo 2 7 ooo 2 5 ooo 3 11 -oo 3 6 -oo 3 6 -oo 3 11 ooo 3 10 o-o 3 9 ooo,-3.53605904103666,Na2 Al2 F8\n1.0\n   4.7424921941566316    0.0000000000000000    0.0000000000000000\n  -2.1208901912479190    4.9586704842680573    0.0000000000000000\n  -1.1825067960571296   -0.7357559825482893    7.6326609398031549\nNa Al F\n2 2 8\ndirect\n   0.1456885689430068    0.0590224742906231    0.9688709254494398 Na\n   0.4683706320217692    0.2180168184543554    0.4812689103551183 Na\n   0.2659108893298396    0.6080754160509108    0.7039740817854272 Al\n   0.6451010788748540    0.7533725262182247    0.2242701054377207 Al\n   0.4435684312969145    0.4091489075332679    0.2101353427882682 F\n   0.6242058901062856    0.5986478453696729    0.7174455789490306 F\n   0.0330335622110007    0.8343988671758981    0.2276198827166564 F\n   0.1129065271588555    0.4381907003317973    0.8739182127006662 F\n   0.6012975008890128    0.8775176150031910    0.4163098683952670 F\n   0.0439644755377449    0.4056237344117543    0.5188251409331199 F\n   0.5697895625089872    0.9237885377309006    0.0512763827469273 F\n   0.2773962405743203    0.9298280448219427    0.6984621184511736 F\n,1
-4.0,Ca Ti F F F F F F 0 7 ooo 0 5 ooo 0 3 ooo 0 6 ooo 0 4 ooo 0 6 ooo 1 6 --o 1 5 -o- 1 7 -oo 1 4 o-- 1 2 o-o 1 2 oo-,-3.4845273712912634,Ca1 Ti1 F6\n1.0\n   6.3471584623669948    0.0000000000000000    0.0000000000000000\n  -2.0368910756780179    6.0251316746683496    0.0000000000000000\n  -2.2932191026070479   -2.9059692628037377    5.6708472616514136\nCa Ti F\n1 1 6\ndirect\n   0.0039510565568275    0.0379004475900269    0.0415845007563094 Ca\n   0.5223645643352987    0.7750506237363884    0.2983234790615230 Ti\n   0.9974130883131610    0.2930995331478086    0.2911442555835671 F\n   0.0688852242798980    0.7856064941876105    0.8540878905256654 F\n   0.7213725626859123    0.8869609484917587    0.6066220970817973 F\n   0.6801517862668726    0.8077422325331006    0.1257454126060756 F\n   0.3182523800996747    0.4455726840457409    0.1260474129694977 F\n   0.3599174061586054    0.9560774001140351    0.3166116097191470 F\n,1
-4.0,Hf Hf O O O O 0 4 -o+ 0 4 oo+ 0 2 -o+ 0 2 oo+ 0 3 o+o 0 3 ooo 1 3 oo- 1 3 ooo 1 5 +oo 1 5 ooo 1 5 o-o 1 4 ooo 2 5 o-+ 2 4 ooo 2 3 +o- 2 3 +oo 2 3 ooo 2 3 o+o 3 4 +oo 3 4 oo+ 4 5 o-+ 4 5 o-+ 4 5 +-+ 4 5 +o+,-3.490010567763672,Hf2 O4\n1.0\n  -3.5749677297063664    0.0000000000000000    0.0000000000000000\n   1.7597770147005234   -3.1279762509653875    0.0000000000000000\n   1.7518066013530249    1.0924756890869545    5.8686426503358406\nHf O\n2 4\ndirect\n   0.0234260745166859    0.1502788833478540    0.8478039453355457 Hf\n   0.0320415632736366    0.6650967809550536    0.3451116805999643 Hf\n   0.2781355575347727    0.2833703172519281    0.2203163365767895 O\n   0.2703308149693735    0.7729721555055906    0.7238595276405709 O\n   0.7775078324328167    0.5341945740093590    0.9718705487638931 O\n   0.7718551363312560    0.0297026350193275    0.4716185737299655 O\n,1
-4.0,Eu Eu Zr Nb O O O O O O 0 6 ooo 0 6 o+o 0 9 oo+ 0 9 o+o 0 8 ooo 0 8 +oo 0 5 o+o 0 5 +oo 0 7 oo+ 0 7 +oo 0 4 ooo 0 4 oo+ 1 5 oo- 1 5 ooo 1 7 o-o 1 7 ooo 1 9 -oo 1 9 ooo 1 8 o-o 1 8 oo- 1 6 -oo 1 6 oo- 1 4 -oo 1 4 o-o 2 5 ooo 2 7 ooo 2 8 ooo 2 9 ooo 2 6 ooo 2 4 ooo 3 4 --o 3 6 -o- 3 9 -oo 3 8 o-- 3 7 o-o 3 5 oo-,-2.91301676239202,Eu2 Zr1 Nb1 O6\n1.0\n   2.9292557223897844    5.0718709935562041    0.0000000000000000\n   2.9292557223897844   -5.0718709935562041    0.0000000000000000\n   0.0000000000000000   -3.3835732380779349   -4.7836971556883929\nEu Zr Nb O\n2 1 1 6\ndirect\n   0.0066278977065675    0.9933721022934324    0.0003698987498866 Eu\n   0.5068288883787105    0.4931711116212894    0.4990128465198778 Eu\n   0.2556813858744418    0.7443186141255582    0.7494603622418019 Zr\n   0.7554118968014281    0.2445881031985719    0.2495634417134312 Nb\n   0.5082618102311464    0.9978712543049372    0.0028007031272528 O\n   0.0016421009889467    0.4914264719496146    0.4962318806227209 O\n   0.0018824854456967    0.9981175145543033    0.4965441901484096 O\n   0.5089505373409905    0.4910494626590095    0.0037591728753980 O\n   0.0021287456950627    0.4917381897688538    0.0028007031272528 O\n   0.5085735280503855    0.9983578990110532    0.4962318806227209 O\n,1
-4.0,Ce Ce Ta Ta O O O O O O O O 0 11 -oo 0 10 -oo 0 4 -oo 0 9 ooo 0 6 ooo 0 8 o-o 0 5 ooo 0 7 o-o 1 5 o-o 1 11 ooo 1 10 ooo 1 7 +-o 1 8 +oo 1 6 +o+ 1 9 +oo 1 4 oo+ 2 9 -oo 2 5 ooo 2 8 o+o 2 11 o+o 2 10 ooo 2 6 ooo 2 7 oo+ 2 11 oo+ 3 10 ooo 3 4 oo- 3 4 ooo 3 9 +oo 3 5 ooo 3 5 oo- 3 6 ooo 3 8 ooo,-3.1503827476350903,Ce2 Ta2 O8\n1.0\n   3.9549225374512327    0.0000000000000000    0.0000000000000000\n  -0.0260854639966288    6.2410238449949285    0.0000000000000000\n  -0.2217989622289338   -1.5915707293093280    7.6613929384690183\nCe Ta O\n2 2 8\ndirect\n   0.7189133130355254    0.9306402129829728    0.7783726552295162 Ce\n   0.2608510785490902    0.2603879576987934    0.1700870308738793 Ce\n   0.7750331981160825    0.7653366279372987    0.2425943291559956 Ta\n   0.2049365443220259    0.3787457552154749    0.6973513241597051 Ta\n   0.2138647182849895    0.1541619233407067    0.8528005567347143 O\n   0.1741852933801659    0.2809505334168602    0.4606745644931585 O\n   0.7719715895593120    0.8579936459703449    0.4796109175633976 O\n   0.7053082653660597    0.3427130578546596    0.7259725891310349 O\n   0.7673662736332705    0.9940136776939215    0.1048578261986574 O\n   0.2726368630186921    0.7296812096453247    0.2081781648292058 O\n   0.7758544480147800    0.4487518186410843    0.1726736064135631 O\n   0.2131741838973934    0.6876952436362987    0.7570976202784087 O\n,1
-4.0,Zr Zr Zr F F F F F F F F F F F F 0 14 ooo 0 12 ooo 0 10 ooo 0 9 ooo 0 7 ooo 0 4 ooo 0 13 ooo 1 12 --o 1 13 -oo 1 5 -oo 1 8 o-o 1 11 o-o 1 6 ooo 2 7 oo- 2 10 oo- 2 11 oo- 2 4 ooo 2 9 o-- 2 5 o-o 3 8 --o 3 7 -oo 3 12 -o+ 3 6 o-o 3 10 ooo 3 4 ooo 3 13 oo+ 3 9 ooo 4 9 o+o 4 14 o+o 4 11 +oo 5 8 o++ 5 10 +oo 5 9 +o+ 6 10 -o- 6 11 -o- 7 9 o+- 7 14 oo- 8 12 ooo 8 10 ooo,-3.911633524226739,Zr3 F12\n1.0\n   6.4645009334763959    0.0000000000000000    0.0000000000000000\n   1.0566207651613366    7.0434551062164772    0.0000000000000000\n   0.5292098942355896    2.7079320099287822    7.4172754732503412\nZr F\n3 12\ndirect\n   0.8022625080353478    0.0993461336703294    0.2914446548147505 Zr\n   0.3364208941196593    0.2272099300794581    0.5098319741122745 Zr\n   0.1671371839448367    0.7090539611465605    0.5532043875592511 Zr\n   0.3874063520695518    0.8977830588270395    0.5381795710427447 F\n   0.1624399952294188    0.6652707414479233    0.8056049624625894 F\n   0.8554837192636808    0.3490470547412489    0.1118228073046019 F\n   0.4101845360879123    0.5315161113994118    0.4576728075281488 F\n   0.6703222901084602    0.1861374001409011    0.5163272097079160 F\n   0.8523025570568872    0.8153550092271644    0.5432688361479806 F\n   0.0805724795860121    0.4269852477578479    0.5948988617472942 F\n   0.0608676263613178    0.1880138616581042    0.4188643939616074 F\n   0.1028607081456919    0.9012381322777716    0.2856091314662511 F\n   0.3393173672266649    0.0964087563938413    0.7672817122381042 F\n   0.7206670960194062    0.9600713364971266    0.1418474239117143 F\n   0.4652447408160202    0.2142809297415461    0.2647791885014367 F\n,1
-4.0,K K K Ho F F F F F F 0 6 oo- 0 6 ooo 0 9 o-o 0 9 ooo 0 8 -oo 0 8 ooo 0 5 o-o 0 5 oo- 0 4 -oo 0 4 oo- 0 7 -oo 0 7 o-o 1 9 ooo 1 9 o+o 1 4 oo+ 1 4 o+o 1 5 ooo 1 5 +oo 1 8 o+o 1 8 +oo 1 6 oo+ 1 6 +oo 1 7 ooo 1 7 oo+ 2 9 ooo 2 7 ooo 2 5 ooo 2 4 ooo 2 6 ooo 2 8 ooo 3 8 --o 3 6 -o- 3 9 -oo 3 5 o-- 3 7 o-o 3 4 oo-,-3.5456921165557964,K3 Ho1 F6\n1.0\n   3.8952985726920915    0.0000000000000000    0.0000000000000000\n  -0.6455306621785741    6.6143698052238165    0.0000000000000000\n  -1.6208207600541948   -0.2059939092382628    7.7380981705518606\nK Ho F\n3 1 6\ndirect\n   0.7637147047008633    0.9468771612829978    0.9274401281998347 K\n   0.4919068390006773    0.9248191384197910    0.4660893671026086 K\n   0.0953592475387119    0.3985168025990710    0.6210935391413070 K\n   0.4919994555805139    0.4965178560732774    0.1719838953198073 Ho\n   0.1249753752051195    0.0168186348553773    0.6945060533154931 F\n   0.8956398326313776    0.6558297053153923    0.3725546112175169 F\n   0.4816182999168230    0.3035807517463729    0.3989369911492640 F\n   0.9442778150944391    0.3376034322426061    0.1248587354679371 F\n   0.3239612706989145    0.7994432023986009    0.1352138291126384 F\n   0.5035049690786125    0.5368926446851920    0.9000415316301466 F\n,1
-4.0,Sm Sm Sm Sm Sm Sm O O O O O O O O 0 11 ooo 0 11 ooo 0 12 o+o 0 6 ++o 1 6 o-o 1 6 o-o 1 7 -oo 1 7 oo- 2 10 oo+ 2 10 +oo 2 13 +oo 2 10 o+o 3 13 ooo 3 8 +oo 3 9 o+o 3 8 ooo 4 11 -oo 4 9 ooo 4 9 o-o 4 8 ooo 5 10 --o 5 11 o-o 5 8 -oo 5 7 ooo,-3.2372883473856033,Sm6 O8\n1.0\n   6.4960808376626122    0.0000000000000000    0.0000000000000000\n   3.2391270931059091    5.8837513292497619    0.0000000000000000\n   2.9738852592703986    2.1645947109827670    5.9387863024498513\nSm O\n6 8\ndirect\n   0.8559270785989708    0.2954595753953391    0.0339902287051460 Sm\n   0.6577327994210368    0.5021996557759933    0.4798440449815466 Sm\n   0.4920368733899538    0.9806176508172779    0.0124971652854025 Sm\n   0.1408739348751561    0.6453332287633560    0.0764525821738757 Sm\n   0.3191462193284221    0.1063069929309992    0.5432640025379780 Sm\n   0.9871909813905716    0.8027033771153738    0.5419581448297677 Sm\n   0.0959230574937195    0.2169792626643930    0.2644030270914784 O\n   0.9667705849837539    0.4412616519682635    0.6201043456739210 O\n   0.6149090889949832    0.1392241317833135    0.6143747319857245 O\n   0.3459434934662542    0.6789004465572195    0.7167224210201928 O\n   0.7289125921626656    0.9301824980479267    0.2680060789465801 O\n   0.1826890851118141    0.0112249971186047    0.9262077112255012 O\n   0.8455834755320432    0.6751872530566609    0.9445342499315674 O\n   0.3794223494467433    0.6358076577594434    0.2772860595854235 O\n,1
-4.0,Eu Eu Zr Nb O O O O O O 0 9 oo- 0 9 ooo 0 7 o-o 0 7 ooo 0 4 -oo 0 4 ooo 0 5 o-o 0 5 oo- 0 6 -oo 0 6 oo- 0 8 -oo 0 8 o-o 1 6 ooo 1 6 o+o 1 4 oo+ 1 4 o+o 1 5 ooo 1 5 +oo 1 9 o+o 1 9 +oo 1 7 oo+ 1 7 +oo 1 8 ooo 1 8 oo+ 2 9 ooo 2 7 ooo 2 5 ooo 2 4 ooo 2 6 ooo 2 8 ooo 3 8 --o 3 6 -o- 3 4 -oo 3 5 o-- 3 7 o-o 3 9 oo-,-2.9130236288470983,Eu2 Zr1 Nb1 O6\n1.0\n   2.9283712794662016    5.0714697519575243    0.0000000000000000\n   2.9283712794662016   -5.0714697519575243    0.0000000000000000\n   0.0000000000000000   -3.3790361305732142   -4.7830248125370023\nEu Zr Nb O\n2 1 1 6\ndirect\n   0.9949110642357453    0.0050889357642547    0.9991714031449699 Eu\n   0.4950751287588229    0.5049248712411771    0.4984979321725149 Eu\n   0.2462833944766649    0.7537166055233351    0.7489920136112882 Zr\n   0.7463358958222207    0.2536641041777793    0.2489302297212044 Nb\n   0.9928851664682378    0.5000994170528461    0.0021319255576031 O\n   0.4998566586276032    0.0060826882455526    0.4959835583991130 O\n   0.9939173117544475    0.5001433413723970    0.4959835583991130 O\n   0.4999005829471539    0.0071148335317623    0.0021319255576031 O\n   0.4998459598709899    0.5001540401290101    0.0019650436094578 O\n   0.9929285591451074    0.0070714408548926    0.4948933618362710 O\n,1
-4.0,Tb Tb Nb Nb O O O O O O O O 0 9 -o- 0 11 oo- 0 11 -oo 0 8 oo- 0 4 -oo 0 4 o+o 0 7 ooo 0 7 o+o 1 6 --- 1 10 -oo 1 5 o-- 1 5 o-o 1 8 ooo 1 4 ooo 1 9 -o- 1 6 ooo 2 7 ooo 2 9 ooo 2 4 ooo 2 5 ooo 3 10 --o 3 11 -oo 3 6 o-o 3 8 ooo,-3.0248923140311876,Tb2 Nb2 O8\n1.0\n  -3.9546522192896565    0.0000000000000000    0.0000000000000000\n   0.4387557390926374    6.2404176774748352    0.0000000000000000\n  -0.0553078462155320   -2.1309354056288905   -7.1960479971023492\nTb Nb O\n2 2 8\ndirect\n   0.3967699792587099    0.9811685716527309    0.0277830986581491 Tb\n   0.0378481548040555    0.5364104224163661    0.6379742587082895 Tb\n   0.9538190408401701    0.4634519198182423    0.1138453683491620 Nb\n   0.5029593024296101    0.0471599379450407    0.5491218438839611 Nb\n   0.5161441375070105    0.3700742874215994    0.5854725170793469 O\n   0.9570297636019059    0.5951642965659538    0.3636577771455137 O\n   0.4487324972259719    0.3946160898663064    0.0563229455914556 O\n   0.4543303530796217    0.8470136669149554    0.7099057537997806 O\n   0.9952701142842942    0.1101887181087287    0.6009360928586265 O\n   0.4756241663960372    0.9090405931224468    0.3000797263444480 O\n   0.9195142865524022    0.1410424349363708    0.0792427784914780 O\n   0.0052029894771163    0.6618649036010154    0.9513468591111640 O\n,1
-1.0,Sr Sr Tl In In In Te Te Te Te Te Te Te Te 0 12 -oo 0 10 -oo 0 12 o+o 0 10 o+o 0 8 ooo 0 13 ooo 0 6 -oo 0 9 ooo 0 11 ooo 0 7 o+o 1 8 o-o 1 12 +oo 1 9 +oo 1 9 o-o 1 8 +oo 1 13 ooo 1 7 o-o 1 11 +oo 1 6 o-o 1 4 +oo 2 12 --o 2 13 ooo 2 6 ooo 2 6 o-o 2 7 --o 2 9 ooo 2 10 o-o 2 13 -o- 2 11 --- 3 7 oo- 3 7 -oo 3 7 o-- 3 12 --o 3 12 ooo 3 6 -oo 3 10 o+o 3 8 -oo 3 9 ooo 4 13 -oo 4 8 o+o 4 11 ooo 4 6 o+o 5 10 ooo 5 9 o-o 5 7 ooo 5 12 ooo 5 8 o-o 5 11 +oo,-0.7282250188323103,Sr2 Tl1 In3 Te8\n1.0\n   6.5030835878266613    0.0000000000000000    0.0000000000000000\n  -0.8316891441155033    9.5264025930560567    0.0000000000000000\n  -2.7962338359594376   -3.6139848788073894   11.7352027637389451\nSr Tl In Te\n2 1 3 8\ndirect\n   0.9898568827820438    0.8704890720245242    0.9001058834086559 Sr\n   0.5117864144541908    0.3563090428385969    0.0278667774619481 Sr\n   0.4472527125947468    0.6437071368052869    0.6226586666873670 Tl\n   0.9845348080162172    0.4248676515257004    0.7671955371565552 In\n   0.5522582167582812    0.9340113970453485    0.1242258186617624 In\n   0.1021385342494459    0.2145340548092625    0.2597700143921755 In\n   0.6265986392087123    0.5239948802213781    0.8301645307344472 Te\n   0.0523245110774984    0.3825720444977733    0.1110276049351880 Te\n   0.2878332183950882    0.6586338814563230    0.0242378356761836 Te\n   0.0761293528323825    0.1767231296650926    0.8302914760019564 Te\n   0.9587777136219463    0.6279313087998102    0.6431419037392442 Te\n   0.5353897696818073    0.2218068652171314    0.2634464305063226 Te\n   0.5182628412107078    0.0021047038905818    0.9175647199078735 Te\n   0.9944086812693693    0.9096218570269521    0.1810169022531832 Te\n,1
-1.0,Cs Cs Tl Tl Br Br Br Br Br Br 0 8 ooo 0 8 o+o 0 4 oo+ 0 4 o+o 0 6 ooo 0 6 +oo 0 5 o+o 0 5 +oo 0 7 oo+ 0 7 +oo 0 9 ooo 0 9 oo+ 1 5 oo- 1 5 ooo 1 7 o-o 1 7 ooo 1 4 -oo 1 4 ooo 1 6 o-o 1 6 oo- 1 8 -oo 1 8 oo- 1 9 -oo 1 9 o-o 2 5 ooo 2 7 ooo 2 6 ooo 2 4 ooo 2 8 ooo 2 9 ooo 3 9 --o 3 8 -o- 3 4 -oo 3 6 o-- 3 7 o-o 3 5 oo-,-1.1441186148002933,Cs1 Tl1 Br3\n1.0\n   5.8912085276273656    0.0000000000000000    0.0000000000000004\n   0.0000000000000009    5.8912085276273656    0.0000000000000004\n   0.0000000000000000    0.0000000000000000    5.8912220066239502\nCs Tl Br\n1 1 3\ndirect\n   0.5000000000000000    0.5000000000000000    0.0000020176365264 Cs\n   0.0000000000000000    0.0000000000000000    0.5010940448707508 Tl\n   0.0000000000000000    0.5000000000000000    0.5000403828862802 Br\n   0.0000000000000000    0.0000000000000000    0.0009575452081244 Br\n   0.5000000000000000    0.0000000000000000    0.5000403828862802 Br\n,1
-1.0,Ti Zn Zn Zn Zn Zn Zn Zn N N N N N N 0 8 oo- 0 8 -oo 0 12 -o- 0 10 oo- 0 9 ooo 0 9 oo- 1 11 --o 1 10 ooo 1 9 o-o 1 10 ooo 1 8 ooo 1 11 o-o 2 12 ooo 2 13 o+o 2 11 ooo 2 10 ooo 3 12 ooo 3 8 ooo 3 9 +oo 3 13 +oo 4 13 ooo 4 11 oo+ 4 13 oo+ 5 8 ooo 5 10 oo+ 5 9 ooo 6 12 ooo 6 11 ooo 6 9 ooo 6 13 ooo 7 12 ooo 7 10 o+o 7 8 ooo 7 9 ooo,-0.1387473040143265,Ti1 Zn7 N6\n1.0\n   3.6892899213111154    0.0000000000000000    0.0000000000000000\n  -0.6375605409649523    7.2635799564314016    0.0000000000000000\n  -1.3484807774846683   -1.9456190978851848    9.1629487332319481\nTi Zn N\n1 7 6\ndirect\n   0.8844930521938638    0.0298278186261672    0.8903896450346012 Ti\n   0.8759410093645992    0.5668561822637813    0.7154167351821585 Zn\n   0.0822403110518708    0.9215434219817423    0.6112516892959812 Zn\n   0.3017480572333830    0.3487460392602023    0.8508926685636066 Zn\n   0.0372218287133652    0.9521805375341953    0.3621901830725450 Zn\n   0.4548021076686127    0.9602512208778984    0.1919952448760348 Zn\n   0.6325420265831760    0.2112308971209661    0.6545266087331534 Zn\n   0.4047483417454674    0.7186424756504909    0.9585700528470380 Zn\n   0.1646921926073633    0.5118375380205505    0.3657871824010946 N\n   0.3725548699043248    0.4098958560495561    0.3720078289950375 N\n   0.8049625930846513    0.1470918465601800    0.0981540331874516 N\n   0.8789031983947311    0.7684351753664311    0.8881622231635175 N\n   0.3745482380796096    0.0759704539857665    0.7925989656963669 N\n   0.1341398896217656    0.1424849623458903    0.0928280064736118 N\n,1
-1.0,Tl Tl Tl Tl O O O O O O 0 6 o-o 0 6 +oo 0 5 oo- 0 9 o+o 0 8 ooo 0 8 ooo 1 4 --o 1 9 o-o 1 7 ooo 1 7 ooo 1 4 -oo 1 5 ooo 2 7 --- 2 6 -oo 2 9 o-- 2 4 --o 2 5 ooo 3 6 -oo 3 8 --o 3 9 ooo 3 5 -oo 3 4 o+o 3 8 ooo 3 7 o-o,-0.28022025173046927,Tl4 O6\n1.0\n   4.1626241763604499    0.0000000000000000    0.0000000000000000\n  -0.7279831022047289   -6.3919630612406051    0.0000000000000000\n  -1.8102919553678534    0.2000547786819203   -7.7766172637171715\nTl O\n4 6\ndirect\n   0.9272093190098245    0.8449197167995699    0.0953408526590683 Tl\n   0.6836946210307495    0.8299592501208275    0.5919408883443243 Tl\n   0.6486797283889667    0.3485287216134485    0.3022398797395870 Tl\n   0.3760705758093287    0.3098793557069297    0.7700071460906124 Tl\n   0.1417400415749408    0.9189082541389572    0.8334345349713307 O\n   0.9470717521086974    0.5413826135387751    0.5766457769126594 O\n   0.4748429314513313    0.8475813054669803    0.8419072089897981 O\n   0.0012505834636425    0.0802287178749383    0.4735014321493338 O\n   0.2142965620293840    0.6016558854144330    0.4740166851968103 O\n   0.3702277946018461    0.1007870898997049    0.4974395156232914 O\n,1
-1.0,K K Cu Cu Br Br Br Br Br Br 0 8 ooo 0 8 o+o 0 4 oo+ 0 4 o+o 0 6 ooo 0 6 +oo 0 5 o+o 0 5 +oo 0 7 oo+ 0 7 +oo 0 9 ooo 0 9 oo+ 1 5 oo- 1 5 ooo 1 7 o-o 1 7 ooo 1 4 -oo 1 4 ooo 1 6 o-o 1 6 oo- 1 8 -oo 1 8 oo- 1 9 -oo 1 9 o-o 2 5 ooo 2 7 ooo 2 6 ooo 2 4 ooo 2 8 ooo 2 9 ooo 3 9 --o 3 8 -o- 3 4 -oo 3 6 o-- 3 7 o-o 3 5 oo-,-0.8777241550141601,K1 Cu1 Br3\n1.0\n   5.1304881029257752    0.0000000000000000    0.0000000000000003\n   0.0000000000000008    5.1304881029257752    0.0000000000000003\n   0.0000000000000000    0.0000000000000000    5.1304881029257752\nK Cu Br\n1 1 3\ndirect\n   0.5000000000000000    0.5000000000000000    0.5000000000000000 K\n   0.0000000000000000    0.0000000000000000    0.0000000000000000 Cu\n   0.0000000000000000    0.5000000000000000    0.0000000000000000 Br\n   0.0000000000000000    0.0000000000000000    0.5000000000000000 Br\n   0.5000000000000000    0.0000000000000000    0.0000000000000000 Br\n,1
-1.0,Na Na S S S S 0 4 ooo 0 4 o+o 0 4 ++o 0 2 -oo 0 2 ooo 0 5 o+o 0 5 ooo 0 5 ooo 1 5 ooo 1 5 o-o 1 3 ooo 1 3 +oo 1 3 ooo 1 4 oo- 1 4 ooo 1 2 o-o 2 3 --- 2 3 -o- 2 5 o-o 2 4 oo- 3 4 -oo 3 5 ooo,-0.5856762858064783,Na2 S4\n1.0\n  -5.6704242437899470    0.0000000000000000    0.0000000000000000\n   1.5889383204508793    5.4885446590719225    0.0000000000000000\n  -0.1628789476019380   -0.7570438244931699   -5.8283737364864994\nNa S\n2 4\ndirect\n   0.1232897594462029    0.2171198883787553    0.0304119712327601 Na\n   0.7669156251552888    0.5853331015188064    0.6092234077973373 Na\n   0.6522747345571567    0.2950235433017289    0.1624202461378871 S\n   0.3997431889988848    0.9108959555570033    0.7880002355059096 S\n   0.2548305980417143    0.5488100097904536    0.6858651891592501 S\n   0.8950421310814695    0.6172014041986316    0.1097748573327583 S\n,1
-1.0,Al Cu Se Se 0 3 oo- 0 3 ooo 0 3 +oo 0 2 o-o 0 2 ooo 0 2 ooo 1 2 -oo 1 3 o+o 1 3 oo+ 1 2 ooo,-0.5734765050390624,Al1 Cu1 Se2\n1.0\n   3.9872075945115597    0.0000000000000000    0.0000000000000000\n  -1.9806655833109050   -3.4979355892744346    0.0000000000000000\n  -1.8340204931661626    0.3541212932414198   -7.4001194494434612\nAl Cu Se\n1 1 2\ndirect\n   0.0895427854345109    0.0459657074653552    0.1071079921124235 Al\n   0.9519371593009596    0.4221505337955955    0.4667877201206508 Cu\n   0.2658312079406022    0.0815228232881212    0.4288590568449356 Se\n   0.6988599220918728    0.3729361250214680    0.9905901123642235 Se\n,1
-1.0,Zr Tl Te 0 2 --o 0 2 -o- 0 2 -oo 0 2 o-- 0 2 o-o 0 2 oo- 0 1 -oo 0 1 o-o 0 1 oo- 0 1 ooo 1 2 -oo 1 2 o-o 1 2 oo- 1 2 ooo,0.07110173320475226,Zr1 Tl1 Te1\n1.0\n   0.0000000000000006    3.5299740186719788    3.5299740186719788\n   3.5299740186719788    0.0000000000000000    3.5299740186719788\n   3.5299740186719792    3.5299740186719788    0.0000000000000004\nZr Tl Te\n1 1 1\ndirect\n   0.5000000000000000    0.5000000000000000    0.5000000000000000 Zr\n   0.2499999999999999    0.2500000000000000    0.2499999999999998 Tl\n   0.0000000000000000    0.0000000000000000    0.0000000000000000 Te\n,1
-1.0,Tb Tb Sb Sb Os Os Os Os 0 4 -oo 0 4 oo- 0 6 -oo 0 7 ooo 0 3 -oo 0 3 ooo 0 5 oo- 0 2 ooo 1 2 --o 1 2 o-o 1 6 -oo 1 5 ooo 1 7 ooo 1 3 o-o 1 3 -oo 2 6 -o+ 2 5 oo+ 2 4 ooo 3 4 ooo 3 7 o+o 3 5 oo- 3 6 ooo 3 7 +o- 4 6 ooo 4 7 +o- 4 5 oo- 5 5 ooo 5 5 o+o 6 7 o-o 6 7 ooo 6 7 -oo 6 7 -+o,-0.16116360192952417,Tb2 Sb2 Os4\n1.0\n   4.7247769531754358    0.0000000000000000    0.0000000000000000\n  -0.9336550774638677    4.7587643851627242    0.0000000000000000\n  -0.1865540638348900   -1.9597735750140213    8.0654974143812357\nTb Sb Os\n2 2 4\ndirect\n   0.7551011386743864    0.8279602414644125    0.8720421939293341 Tb\n   0.1658005661413572    0.5290612786531173    0.4484966884202266 Tb\n   0.2944418115610902    0.1590298556079395    0.7073842166151951 Sb\n   0.2204750753547051    0.5466660545744709    0.0521097157162712 Sb\n   0.9351595644180876    0.9090831602952572    0.2369311439565632 Os\n   0.7665210179519765    0.0088492118508792    0.5569478172962995 Os\n   0.6939732045515068    0.3914458859660580    0.1470339773307375 Os\n   0.4678144922481722    0.0335463634574786    0.3074736155490740 Os\n,1
-1.0,Al In In In Br Br Br Br Br Br 0 5 --o 0 6 -o- 0 7 ooo 0 9 --- 1 8 o-o 1 8 -oo 1 4 o-- 1 6 ooo 2 5 o-o 2 4 -oo 2 7 -oo 2 9 ooo 2 8 oo- 2 6 ooo 3 6 ooo 3 7 ooo 3 7 oo+ 3 4 ooo 3 5 oo+ 3 9 ooo,-0.8277182486923825,Al1 In3 Br6\n1.0\n   7.3020930646679787    0.0000000000000000    0.0000000000000000\n   0.7650505195947694    7.7557844971493894    0.0000000000000000\n   1.9411735538180459    1.1233391815931584    7.9899339153192042\nAl In Br\n1 3 6\ndirect\n   0.2015389906395119    0.9915677393578400    0.1342946081092911 Al\n   0.5599611698163331    0.4719223186149155    0.7038555333189950 In\n   0.8362664021450242    0.7005559177602899    0.6748653736232434 In\n   0.7819890542291594    0.0666922269043316    0.0016262620214014 In\n   0.0903318641928472    0.4520685234528245    0.6612956808542856 Br\n   0.5640220519661607    0.4467684665356966    0.0201897423221836 Br\n   0.2568057855620559    0.9155531564658579    0.8719060046781690 Br\n   0.3314894344987196    0.8204887237556366    0.3315505038881030 Br\n   0.0556653315175093    0.2522248371098352    0.1969527220766129 Br\n   0.6849721937395956    0.1614354530151569    0.6359700333057967 Br\n,1
-1.0,Mg Mg Bi 0 1 oo+ 0 1 o+o 0 1 o++ 0 1 +oo 0 1 +o+ 0 1 ++o 0 2 o++ 0 2 +o+ 0 2 ++o 0 2 +++ 1 2 ooo 1 2 oo+ 1 2 +oo 1 2 o+o,-0.05778428681803375,Mg2 Bi1\n1.0\n   0.0000000000000006    3.5317123503640122    3.5317123503640122\n   3.5317123503640122    0.0000000000000000    3.5317123503640122\n   3.5317123503640127    3.5317123503640122    0.0000000000000004\nMg Bi\n2 1\ndirect\n   0.2500000000000001    0.2500000000000000    0.2499999999999999 Mg\n   0.7499999999999999    0.7500000000000000    0.7499999999999999 Mg\n   0.5000000000000001    0.4999999999999999    0.4999999999999998 Bi\n,1
-1.0,Zn Cu Si Si P P P P S S S S S S S S S S S S 0 12 ooo 0 8 ooo 0 16 ooo 0 14 ooo 1 15 ooo 1 18 ooo 1 19 ooo 1 9 ooo 2 18 -oo 2 16 ooo 2 9 ooo 2 13 o+o 3 19 ooo 3 15 o+o 3 17 ooo 3 17 ooo 4 13 oo+ 4 8 +oo 4 10 ++o 4 18 ooo 5 12 -oo 5 16 o-o 5 11 ooo 5 17 ooo 6 12 o-o 6 9 ooo 6 17 o-o 6 13 -oo 7 18 -oo 7 15 o-o 7 14 oo- 7 11 ooo,-0.2361873720956101,Zn1 Cu1 Si2 P4 S12\n1.0\n   8.1704084021929422    0.0000000000000000    0.0000000000000000\n  -0.9727951854767659    8.5243977528429866    0.0000000000000000\n  -0.2130498324417573   -0.7040229173802992    8.7655256577574736\nZn Cu Si P S\n1 1 2 4 12\ndirect\n   0.8262912690208319    0.0301559359455706    0.9831925251029354 Zn\n   0.8180174470737472    0.3929976579739094    0.2196756563907560 Cu\n   0.0169934484394884    0.6252708265667044    0.2698878271993856 Si\n   0.2174283290382442    0.9892257044669975    0.1239928395722769 Si\n   0.7205316255801514    0.7379390253943987    0.7025584771474073 P\n   0.4565069163774459    0.1310152456428628    0.2630688412094455 P\n   0.8945418860610160    0.5656252312398946    0.5708280994939802 P\n   0.8053432580187188    0.3665160388700506    0.6813630797608036 P\n   0.0747693828396448    0.1649738023367981    0.0728291173141987 S\n   0.3604701590036807    0.9557841778863719    0.9251835555641471 S\n   0.8740135806312644    0.9434564774096998    0.7353063775643325 S\n   0.8319911611565678    0.4597422757109615    0.9072474718544308 S\n   0.5042386071726918    0.2074701482473529    0.4914823115027100 S\n   0.7024680741806689    0.1453590769941562    0.1995145134424061 S\n   0.1134028455832282    0.4931666075966080    0.4530450971440745 S\n   0.7610410591491504    0.6146935297615521    0.3485139070061926 S\n   0.4180125825094718    0.1951153452273652    0.8676077065865193 S\n   0.7214059430745020    0.6716299408295371    0.9281801809323723 S\n   0.1408214294725366    0.8540546923903425    0.3151107228428179 S\n   0.3097089393428749    0.1777735436496314    0.6594410004224810 S\n,1
-1.0,Nd Nd Nd Nd Ga Ga Ga Ga Ga Ga Ga Ga As As As As As As As As 0 19 o-o 0 16 ooo 0 7 +-o 0 10 ooo 0 15 ooo 0 6 +-o 0 8 +oo 0 12 +oo 0 14 +oo 0 13 ooo 1 18 ooo 1 17 +oo 1 12 ooo 1 17 ooo 1 19 ooo 1 11 o+o 1 9 ooo 1 16 +oo 1 17 o+o 1 13 o+o 2 10 ooo 2 10 -oo 2 18 -oo 2 7 -+o 2 18 ooo 2 7 o+o 2 8 ooo 2 8 ooo 2 11 -oo 2 6 ooo 3 15 oo- 3 17 ooo 3 6 o+- 3 12 o+o 3 13 +oo 3 19 +o- 3 14 ooo 3 9 +oo 3 19 o+o 3 15 ooo 4 16 o-o 4 9 ooo 4 13 ooo 4 12 oo+ 4 11 ooo 4 18 +oo 5 10 ooo 5 14 ooo 5 11 ooo 5 15 ooo 5 14 ooo 5 7 ooo 6 17 -oo 6 12 ooo 6 16 o-o 6 15 ooo 6 19 ooo 7 18 +-o 7 9 +-o 7 10 +oo 7 8 ooo 7 11 +oo 8 17 +o+ 9 10 ooo 10 19 ooo 11 13 +oo,-0.5786001169677732,Nd4 Ga8 As8\n1.0\n   5.5757429283158997    0.0000000000000000    0.0000000000000000\n  -0.9275297048857991    7.8871706988726409    0.0000000000000000\n  -0.4332892063894995   -0.1431245034549508   13.7023349243372206\nNd Ga As\n4 8 8\ndirect\n   0.9328166829504381    0.9444135663331829    0.1252035101208254 Nd\n   0.7997584664583409    0.5403863043152975    0.3142728921460849 Nd\n   0.0962480470534327    0.1404051386340294    0.7045009521755421 Nd\n   0.4724436572077176    0.0941749557478587    0.4650779917830639 Nd\n   0.2021098436575799    0.7452390002995277    0.7519388524444613 Ga\n   0.9577015806479403    0.3091422558405031    0.9774031004094524 Ga\n   0.9445710531768871    0.1399327912544534    0.3460399916313873 Ga\n   0.0216225763473394    0.6988916653617633    0.9261750822540287 Ga\n   0.3403806140128032    0.9691577453850776    0.9043854586688787 Ga\n   0.8597050382496635    0.0181191329175065    0.8914544701963676 Ga\n   0.2736818596793055    0.4990122962010716    0.6388483945766545 Ga\n   0.9808234578431260    0.3129898255126013    0.5217660577455723 Ga\n   0.6431343333451642    0.8835370011384007    0.3006139545817443 As\n   0.9532141390637635    0.9692935087555680    0.5053519163036482 As\n   0.5634319295984327    0.9694364473347262    0.7369094717059130 As\n   0.1449579241164307    0.8620751512796835    0.3196803659867287 As\n   0.0274388710756033    0.3086683168860849    0.1782050500301003 As\n   0.6215028216030264    0.3173622339338957    0.6398622890215037 As\n   0.1946244754300049    0.4555832906432603    0.8364127077447270 As\n   0.9460708651059393    0.5687461445613141    0.1016985467149845 As\n,1
-2.0,Rb Rb Cr Cr Cr O O O O O O O O 0 10 ooo 0 11 o+o 0 6 ooo 0 7 +oo 0 8 ++o 0 8 o+o 0 9 o+o 0 5 +oo 0 5 ++o 0 11 o+o 1 8 o-o 1 8 ooo 1 8 oo+ 1 9 ooo 1 9 ooo 1 6 ooo 1 6 ooo 1 9 oo+ 1 7 o+o 1 10 ooo 1 12 ooo 2 12 ooo 2 11 ooo 2 9 ooo 2 5 oo+ 2 10 ooo 2 12 ooo 3 12 o-o 3 7 ooo 3 11 -oo 3 8 ooo 3 11 oo- 3 6 oo- 4 7 -oo 4 10 ooo 4 9 ooo 4 12 oo-,-0.9200590873422467,Rb2 Cr3 O8\n1.0\n   5.4530694278237135    0.0000000000000000    0.0000000000000000\n   0.4412638818815595    6.1807537522519906    0.0000000000000000\n   2.1944096635871797    0.8841125214882373    8.4690389517014317\nRb Cr O\n2 3 8\ndirect\n   0.0115989674132942    0.0895020015479941    0.2159153875652793 Rb\n   0.5553928690324248    0.4299092594012578    0.8983609029211009 Rb\n   0.8136714683826511    0.5726260530451982    0.4547906667013432 Cr\n   0.1292916360980376    0.3948939782888320    0.6396776061355014 Cr\n   0.4048232757082675    0.5127814227573344    0.3204979518269125 Cr\n   0.1377481228894535    0.6762338658522375    0.3143904079720203 O\n   0.9103422047775231    0.6226012944545904    0.6499704925239512 O\n   0.0885649950170375    0.2609243868272390    0.8176744080082183 O\n   0.4660561982902340    0.4283907100587007    0.5278501939688587 O\n   0.5104214550974575    0.3056286861859617    0.2109195168545933 O\n   0.6935047726699379    0.6791503450670576    0.2418271527430047 O\n   0.0263980420128887    0.2926788623238553    0.4865009570478184 O\n   0.6143300453261499    0.8163779023469822    0.3735152933290442 O\n,1
-2.0,Zn Zn Fe Fe O O O O 0 4 ooo 0 7 oo- 0 6 o-o 0 5 ooo 0 5 +oo 0 5 ooo 1 7 ooo 1 4 o+o 1 4 ooo 1 6 ++o 1 6 ++o 1 7 o+o 2 5 -oo 2 5 ooo 2 7 ooo 2 4 oo+ 3 4 --o 3 4 oo+ 3 6 oo+ 3 7 -oo 3 5 o-o 3 6 ooo,-0.0544820973742679,Zn2 Fe2 O4\n1.0\n   3.1076638930318405    0.0000000000000000    0.0000000000000000\n   0.5319653201516371    5.8190902619069842    0.0000000000000000\n   0.3566116612225061    0.7941958934523378    5.7806920574734830\nZn Fe O\n2 2 4\ndirect\n   0.8968916092662628    0.0192703679200126    0.9587876609490890 Zn\n   0.0009317742267535    0.6072006522668312    0.0855663510769619 Zn\n   0.4721031034970106    0.3205030749147381    0.5566873120492154 Fe\n   0.4904316516486743    0.8236363352479017    0.5076109819982217 Fe\n   0.5541103218420200    0.5649172770837873    0.8595639804251112 O\n   0.0013764553986856    0.5755229289213133    0.4220435290829324 O\n   0.4185786461048405    0.3413261827245783    0.9346349543025574 O\n   0.9720415743809379    0.0532061400880081    0.6013433376048605 O\n,1
-2.0,Cr Cr Cr Cr Cr Cr O O O O O O O O O O O O 0 17 -oo 0 8 -oo 0 12 -+- 0 11 o+o 0 9 o+o 0 7 -+o 1 16 o-- 1 14 o-o 1 15 oo- 1 10 o-o 1 13 ooo 1 6 o-o 2 17 ooo 2 12 +oo 2 10 ooo 2 13 ooo 2 9 ooo 2 15 o-o 3 6 -oo 3 8 ooo 3 16 -oo 3 7 ooo 3 17 ooo 3 11 ooo 4 10 ooo 4 12 ooo 4 9 ooo 4 13 ooo 4 6 ooo 4 15 ooo 5 11 ooo 5 8 ooo 5 14 ooo 5 16 ooo 5 7 ooo 5 17 ooo,-0.6468563188237842,Cr6 O12\n1.0\n   5.5319385037657698    0.0000000000000000    0.0000000000000000\n  -0.0679411779179058    6.9453373204821061    0.0000000000000000\n  -1.1652682127008884   -3.2203932626317031    7.3244734251813632\nCr O\n6 12\ndirect\n   0.9928165826536186    0.0840951566178253    0.9920931137641369 Cr\n   0.7425626584861026    0.9652113072133199    0.6307940249975376 Cr\n   0.4003570216914821    0.6445685765578385    0.3505569728838542 Cr\n   0.2799480863775824    0.0405170312917242    0.7302796317239760 Cr\n   0.3000554367509417    0.1155832369387397    0.3950713944312741 Cr\n   0.8700346044034457    0.8186558175241659    0.2840237421657174 Cr\n   0.1059870757828063    0.6485419615315027    0.2014219998196994 O\n   0.1900574433144306    0.4015645050059482    0.3958028675939569 O\n   0.0327657576329051    0.0389463118163088    0.5178503765076404 O\n   0.4952037102213327    0.1701099398737212    0.6212522108874966 O\n   0.2480490084713521    0.2239036804496410    0.9907346420164526 O\n   0.0075138064567291    0.8738164136854927    0.7820015399983137 O\n   0.4527626990154732    0.8022709309443801    0.6210311020592848 O\n   0.0039337079512259    0.0137433622228134    0.1731043209460000 O\n   0.7470307365876073    0.1740108603176267    0.9043616568364481 O\n   0.7617044977136718    0.6826713740251815    0.4134180957033480 O\n   0.5148150258931585    0.8893075764837373    0.2867480308212954 O\n   0.4272568710406122    0.3551385982197471    0.3649013838453632 O\n,1
-2.0,K K As As As O O O O O O 0 4 oo- 0 10 oo- 0 10 o+o 0 8 ooo 0 10 o+o 0 9 ooo 0 5 oo- 0 5 oo- 0 6 ooo 1 6 -oo 1 7 -o- 1 7 ooo 1 8 -oo 1 9 oo- 1 6 ooo 1 9 oo- 1 8 ooo 2 10 ooo 2 5 o-o 2 5 o-o 2 8 ooo 2 10 +oo 2 4 ooo 2 7 ooo 3 10 o+o 3 8 -oo 3 9 o+o 3 6 ooo 3 4 ooo 3 5 o-o 3 9 o-o 4 7 ooo 4 8 +oo 4 10 o+o 4 10 ++o 4 6 ooo 5 7 ooo 5 9 ooo 5 8 ooo 5 9 ++o 5 7 ooo 5 6 ooo 6 10 oo+,-1.0843315923508525,K2 As3 O6\n1.0\n   4.9044057355627455    0.0000000000000000    0.0000000000000000\n  -1.0510021285637794    5.9570028799581740    0.0000000000000000\n  -1.0493194193383926   -1.6057248540972116   10.6260752460514070\nK As O\n2 3 6\ndirect\n   0.9738297806640301    0.8122018929466190    0.9272780498097015 K\n   0.9178812086187318    0.1250707188046979    0.6046590294813586 K\n   0.5595371240574590    0.0522749546704365    0.1818206862323914 As\n   0.3082791116334384    0.8008204615080641    0.3506490851179348 As\n   0.4782859005036513    0.2529221596581406    0.8798574910363455 As\n   0.2072338308485222    0.9025580882810939    0.2025600945118920 O\n   0.4606557733960391    0.0494053876034203    0.4388781823173172 O\n   0.3093169434630789    0.0356809316518816    0.7688964223077794 O\n   0.7552915079248098    0.4121587934830361    0.7807298645490440 O\n   0.5278715574152216    0.9722754149744796    0.0212041458967365 O\n   0.8718694688571335    0.2545220213925081    0.8526966597749570 O\n,1
-2.0,Ca Sn Sn Sn Sn Sn O O O O O O O O O O O O 0 9 ooo 0 16 ooo 0 11 ooo 0 7 ooo 0 14 ooo 0 10 ooo 1 8 --o 1 6 -oo 1 17 -oo 1 12 o-o 1 10 o-o 1 13 ooo 2 12 ooo 2 8 ooo 2 11 oo- 2 7 oo- 2 13 ooo 2 14 oo- 3 11 o-o 3 9 ooo 3 12 --o 3 15 -o- 3 14 -oo 3 6 o-- 3 16 o-o 3 10 oo- 4 7 ooo 4 15 ooo 4 8 ooo 4 17 ooo 5 13 -oo 5 16 -oo 5 12 -oo 5 14 ooo 5 17 ooo 6 9 o-o 6 15 oo- 6 14 oo-,-1.4800852619661464,Ca1 Sn5 O12\n1.0\n   5.6827271873944349    0.0000000000000000    0.0000000000000000\n  -1.7563149154671820    6.1932195848030425    0.0000000000000000\n  -1.9287066978506382   -2.4061947412866584    7.7529086493333583\nCa Sn O\n1 5 12\ndirect\n   0.8214613047993152    0.0699945335642438    0.9924245450621146 Ca\n   0.4504624488602732    0.8494582116980356    0.5129648077297335 Sn\n   0.9951362007327738    0.6180903481284653    0.0166936860982491 Sn\n   0.9724777691235239    0.7645051577709944    0.6774325728916522 Sn\n   0.3935314557539775    0.4028021518069561    0.7553303235265869 Sn\n   0.5546369395246394    0.6001090469125733    0.1847682167418640 Sn\n   0.2400223306587614    0.6549513908305843    0.2599593030065811 O\n   0.2641468318098630    0.0543808611825229    0.6387569002401956 O\n   0.1512856441423525    0.8866027021455177    0.9427733914599559 O\n   0.7610341120725995    0.4708667059250665    0.7345987419964771 O\n   0.2289681126883799    0.4180075699411468    0.9614012584147631 O\n   0.7677001132745177    0.9773285780379767    0.7153861295502051 O\n   0.2544134148402209    0.6159360941741194    0.6304532223891126 O\n   0.6808767966032393    0.6338541100601635    0.4414036714567749 O\n   0.5732271209837781    0.0759844321228166    0.3725182938699049 O\n   0.7312944765001057    0.3819397378636070    0.0843260155333059 O\n   0.6617288527396906    0.7123887340216047    0.9867658011877192 O\n   0.6928001034927440    0.9809976950116780    0.2645255344216509 O\n,1
-2.0,Li Li Mn Mn Mn Mn O O O O O O O O 0 10 o-o 0 6 ooo 0 11 ooo 0 12 ooo 1 7 ooo 1 8 ooo 1 9 oo+ 1 13 +oo 2 9 o-o 2 6 ooo 2 7 ooo 2 13 ooo 3 13 -oo 3 13 -oo 3 8 -o+ 3 12 ooo 4 6 -oo 4 6 ooo 4 12 ooo 4 11 ooo 5 10 --- 5 11 --o 5 8 ooo 5 10 oo- 5 9 ooo 5 7 ooo,-0.9313533339801897,Li2 Mn4 O8\n1.0\n   3.7417788793222102    0.0000000000000000    0.0000000000000000\n  -1.1795795200263852    5.7857606935337902    0.0000000000000000\n  -1.3767316528320839   -1.6341539667821185    7.5177329744089434\nLi Mn O\n2 4 8\ndirect\n   0.1850822680621692    0.9586636170834336    0.0129258033743531 Li\n   0.8008246675965538    0.2432928084670605    0.1359676057710964 Li\n   0.5803309597375832    0.6913275262936384    0.7130147154276499 Mn\n   0.4752196409299099    0.6390886819334987    0.1781405502745531 Mn\n   0.9546103436711170    0.2903545517235451    0.8216962600528185 Mn\n   0.1180962669333649    0.9052092111761609    0.4026057851787889 Mn\n   0.1927552430953234    0.1561303244873873    0.6110718443569708 O\n   0.0974537555785169    0.6131566370450968    0.8141118906020378 O\n   0.5462041741778169    0.3281179334075112    0.6289673614294540 O\n   0.5730468869155400    0.7503897906399518    0.4776447046349360 O\n   0.6793421658732075    0.9869518857001532    0.2470967014105251 O\n   0.7131047342115652    0.9901624011729451    0.8668946607848376 O\n   0.2960276782225594    0.3094565834535999    0.0455883376852404 O\n   0.9880798172084905    0.6387218850258763    0.2033567488647205 O\n,1
-2.0,Cs Cs Dy Dy Se Se Se Se 0 1 -oo 0 1 o+o 0 1 o+o 0 1 oo- 0 5 ooo 0 5 o-o 0 5 +oo 0 6 oo- 0 6 ooo 0 6 ++o 0 0 o+o 0 7 oo- 0 7 ooo 1 7 -oo 1 7 ooo 1 7 -oo 1 4 o+o 1 4 ooo 1 4 -oo 1 4 o+o 1 1 ++o 1 1 o+o 1 2 ooo 1 2 oo- 2 4 --- 2 4 -o- 2 7 o-o 2 6 oo- 2 6 --o 2 6 ooo 2 6 o-o 2 5 ooo 3 5 --o 3 7 ooo 3 5 --o 3 5 ooo 3 4 -oo 3 7 o-o 3 4 --- 3 6 ooo,-1.6187484752482098,Cs2 Dy2 Se4\n1.0\n   4.1866185440659507    0.0000000000000000    0.0000000000000000\n   1.4309000138434329    7.5692919391654385    0.0000000000000000\n   1.0449127965648062    2.5060851168568603    9.0135022482888143\nCs Dy Se\n2 2 4\ndirect\n   0.9804010276139059    0.4368628147141590    0.8348798719356543 Cs\n   0.2925630089133446    0.0227434840518816    0.7189714871740251 Cs\n   0.9305348770247912    0.7072604939501048    0.3008616142391211 Dy\n   0.7674981388609838    0.2063455000195435    0.2837863946989474 Dy\n   0.5849325264090326    0.4376313670557346    0.4960199895278388 Se\n   0.2900172466850517    0.9521002850798583    0.3782572751492861 Se\n   0.2400955400572622    0.4533907170666940    0.1488119196941889 Se\n   0.7841103043831676    0.0143544772180861    0.0455799976614183 Se\n,1
-2.0,Li Li Ag Ag P P O O O O O O O O 0 12 ooo 0 7 oo+ 0 8 ooo 1 9 o+o 1 9 ooo 1 11 ooo 2 10 -oo 2 6 ooo 2 13 ooo 2 11 ooo 3 10 o-o 3 7 ooo 3 6 ooo 3 12 ooo 4 13 --o 4 11 -oo 4 7 ooo 5 13 ooo 5 10 ooo 5 12 ooo,-1.5438041888001572,Li2 Ag2 P2 O8\n1.0\n   4.5339228486386300    0.0000000000000000    0.0000000000000000\n  -1.1691342463364252    6.0096145493367414    0.0000000000000000\n  -1.8168524818866374   -1.9087229507192223    7.6049567098802529\nLi Ag P O\n2 2 2 8\ndirect\n   0.9880463710356121    0.9578707648526031    0.8860824384652115 Li\n   0.8864508825379120    0.0675188639240645    0.4154712208959360 Li\n   0.5740401471826164    0.1597585623930587    0.6619552515350398 Ag\n   0.5560521300607026    0.6224729760971689    0.5396243038701513 Ag\n   0.7084581884823216    0.3257381591151048    0.1163182111891304 P\n   0.3013332863973212    0.6480634251475539    0.1171383542968645 P\n   0.2889859005340141    0.3351781787918975    0.5602685553136323 O\n   0.7424062988067708    0.1549374470007335    0.9649161915988375 O\n   0.9848346996681481    0.5548140348682837    0.1673079850289000 O\n   0.8549993994655836    0.9414305589096411    0.6391212261206535 O\n   0.4044892122502601    0.4156818173281749    0.0392312029644091 O\n   0.6944403204296576    0.2602086619900952    0.2844025413328518 O\n   0.2233812866298377    0.7610936225850515    0.9702063136230523 O\n   0.5377269374541699    0.7744975561085768    0.2884440833777065 O\n,1
-2.0,Sr Ca I I O O O O O O O O 0 11 ooo 0 4 ooo 0 9 o+o 0 8 ooo 0 10 oo+ 0 5 ooo 0 6 ooo 0 7 o+o 1 9 oo- 1 11 ooo 1 4 ooo 1 5 o-o 1 6 ooo 1 7 ooo 1 8 +oo 1 10 ooo 2 10 ooo 2 4 ooo 2 5 ooo 2 8 -oo 2 11 ooo 2 7 ooo 3 9 --- 3 6 -oo 3 8 o-- 3 9 ooo 3 7 o-o 3 4 o-o,-0.8506167319067384,Sr1 Ca1 I2 O8\n1.0\n   4.0073667301891964    0.0000000000000000    0.0000000000000000\n  -1.4500159298148305    7.8088436926658504    0.0000000000000000\n  -1.7485675612168345   -1.6701410726451211   10.8421185112886658\nSr Ca I O\n1 1 2 8\ndirect\n   0.2519092989593158    0.7721799360030033    0.1076014430607000 Sr\n   0.6677438547719124    0.3252873409190523    0.1123220583575900 Ca\n   0.8262678334043396    0.0796105905878349    0.2918864943269174 I\n   0.5556984294773970    0.8791811512759224    0.8112787803950140 I\n   0.4063145906189233    0.3770979623129498    0.6767574894387560 O\n   0.7260183054083004    0.8393375968975501    0.9793839307303077 O\n   0.7193333277946478    0.6098867029449159    0.1839539234290193 O\n   0.9393545789361354    0.4791280355896950    0.9601063205998502 O\n   0.0904920502175997    0.2277795942752587    0.0108990381303020 O\n   0.0052864184939722    0.5550022680981909    0.2413989814597067 O\n   0.4084183508661235    0.2270613632513917    0.6945507111941895 O\n   0.0774348713726493    0.3382360259521983    0.9217484769951502 O\n,1
-2.0,Li Mn Mn Mn Mn O O O O O O O O 0 7 ooo 0 12 o-o 0 11 o-o 0 6 o-o 0 9 +oo 1 10 oo- 1 7 ooo 1 5 oo- 1 9 ooo 2 11 ooo 2 11 ooo 2 10 ooo 2 8 oo+ 3 12 ooo 3 10 -oo 3 6 ooo 3 12 o+o 4 5 -oo 4 11 o+o 4 6 ooo 4 12 oo- 4 7 o+-,-0.7710563130664055,Li1 Mn4 O8\n1.0\n   5.4777324631842248    0.0000000000000000    0.0000000000000000\n   2.6046544080749290    5.5906091003739391    0.0000000000000000\n   0.6327118945924732    1.2698653501161004    6.3434224889483790\nLi Mn O\n1 4 8\ndirect\n   0.0916721009252304    0.0531020434864803    0.1972924403246528 Li\n   0.4862499020136547    0.5893767881630072    0.5419887491386499 Mn\n   0.5527276502996610    0.4617490720393578    0.1051187020741828 Mn\n   0.9103441288623408    0.5245883721713740    0.7842350218273579 Mn\n   0.0465671155204616    0.5162326820337340    0.3427443135047327 Mn\n   0.7835089916538436    0.3651008604930968    0.3482002050370854 O\n   0.2372331279727559    0.4449472777960504    0.6304432878226629 O\n   0.2310398315917677    0.4107976597702490    0.0644100589149426 O\n   0.3450955142674429    0.2219130217095474    0.2460858827720804 O\n   0.2888573748198357    0.7003975687522790    0.2650282163143225 O\n   0.7627682689546820    0.7208199106395934    0.4959248636629727 O\n   0.5205709832829042    0.6696354097030717    0.8343443183874033 O\n   0.8523424133524965    0.2608827056381302    0.9676476396593605 O\n,1
-2.0,Na H F F F 0 2 --- 0 2 -oo 0 2 o-- 0 2 o-o 0 3 ooo 0 3 -oo 0 3 ooo 0 4 -oo 0 4 ooo 1 4 ooo 1 3 +oo 1 3 ooo 1 2 o+o 1 2 ooo 1 2 o-o 1 2 ooo 1 3 -oo 1 3 oo+,-2.048351207317883,Na1 H1 F3\n1.0\n   3.3993332213917125    0.0000000000000000    0.0000000000000000\n  -1.6956753521959314    3.7719550196350875    0.0000000000000000\n  -0.1518471639087752   -0.7871593991323269    5.5821356088757161\nNa H F\n1 1 3\ndirect\n   0.9897473452359590    0.1348336679883166    0.0081925772895120 Na\n   0.4359335504563448    0.0325268936891409    0.4800654678140173 H\n   0.4466116520351649    0.0813508220516905    0.7265981301075725 F\n   0.6858809015703228    0.5314843917329304    0.9583839140908782 F\n   0.4437235262819911    0.0021960864678890    0.2995368461284701 F\n,1
-2.0,Ca Ca Nd Nd Cu Cu Cu Cu O O O O O O O O O O O O 0 19 --o 0 13 --o 0 14 -oo 0 18 o-o 0 8 ooo 0 11 ooo 1 19 -oo 1 12 -oo 1 15 -oo 1 13 ooo 1 17 -oo 1 9 ooo 2 10 ooo 2 12 -oo 2 9 ooo 2 16 ooo 2 15 ooo 2 18 ooo 3 18 ooo 3 13 ooo 3 14 +oo 3 11 ooo 3 19 ooo 3 17 +oo 4 8 o-o 4 12 ooo 4 19 ooo 4 8 o-o 4 16 ooo 4 14 ooo 5 9 --o 5 8 -oo 5 9 o-o 5 18 ooo 5 17 o-o 5 10 ooo 6 18 --- 6 17 --- 6 18 -oo 6 13 o-- 6 14 -o- 6 19 ooo 7 15 -oo 7 11 ooo 7 17 ooo 7 10 ooo 7 16 ooo 7 19 ooo,-1.3234756929501956,Ca2 Nd2 Cu4 O12\n1.0\n   4.2403852229320238    0.0000000000000000    0.0000000000000000\n  -0.7415498787980389    6.6121092511325985    0.0000000000000000\n  -0.0484187535681169   -1.6635333037109294   13.0669668099199558\nCa Nd Cu O\n2 2 4 12\ndirect\n   0.6857594104447245    0.8310102052613404    0.2126544403417616 Ca\n   0.8201354039075039    0.2905053986875951    0.4700818446310967 Ca\n   0.1351378105280521    0.7162626235671877    0.0007252507544846 Nd\n   0.2290361414019193    0.3301723508920252    0.2336513378933583 Nd\n   0.2552736737258977    0.0138214216745978    0.6590088688209217 Cu\n   0.3807864131887753    0.8484678715952315    0.4313108215022735 Cu\n   0.7117045456729413    0.8901359339187275    0.5816824301481813 Cu\n   0.8717710495989185    0.5983043697080893    0.7293648764693664 Cu\n   0.6595461583930952    0.7813264036362342    0.0412721853093765 O\n   0.4275621879006617    0.0764397213330535    0.5308024536321150 O\n   0.7812379011055012    0.6213377729603315    0.5331618641163098 O\n   0.8820028541440186    0.4732578206287341    0.8446401069141123 O\n   0.3209060340731948    0.6567147986117128    0.3253095329411537 O\n   0.2094965438537261    0.9644354480798187    0.1730142727550559 O\n   0.0829155756884603    0.3907047116863784    0.7649266210529753 O\n   0.6176619531333009    0.5128161130945088    0.6083885277214056 O\n   0.8962012578075614    0.8720492605306472    0.7101688604183234 O\n   0.2554567402509134    0.0749636050142738    0.0860136195970669 O\n   0.7483221654005111    0.2236516289203865    0.3060082986324612 O\n   0.0788470977274175    0.5187423995117304    0.1236705921728698 O\n,1
-2.0,Li Fe Fe Fe O O O O 0 4 oo- 0 4 +oo 0 6 ooo 0 5 o-o 0 5 oo- 0 5 ooo 1 6 -oo 1 6 oo+ 1 7 o+o 1 7 oo+ 1 7 -oo 1 7 ooo 2 4 --o 2 4 o-o 2 5 -oo 2 5 ooo 2 7 ooo 2 7 ooo 3 7 --- 3 7 oo- 3 6 -o- 3 6 -oo 3 4 --- 3 4 ooo,-0.4099300307995608,Li1 Fe3 O4\n1.0\n   3.1531279265211096    0.0000000000000000    0.0000000000000000\n  -0.6006393389429264    5.2257783187461140    0.0000000000000000\n  -0.5454666551304819   -0.8724275058223009    5.2758726089644492\nLi Fe O\n1 3 4\ndirect\n   0.1795557037290826    0.0865491913282641    0.8812988252996601 Li\n   0.5198304836787468    0.6252314168440191    0.6727865683991403 Fe\n   0.8015834065732512    0.1439563294059468    0.4048938209184981 Fe\n   0.0326546037449395    0.6550194744943281    0.1574552699794163 Fe\n   0.2958051265874336    0.9331414951285318    0.5403180056288170 O\n   0.0543145394590801    0.4347308277024011    0.7901162315226765 O\n   0.5845437721193077    0.8681950752405367    0.0142937107944795 O\n   0.4661935213751993    0.4310591255288803    0.3164601435248189 O\n,1
-2.0,Li Li Cr Cr Fe O O O O O O O 0 8 o-o 0 8 o-o 0 9 -oo 0 10 oo- 0 7 ooo 0 10 o-- 0 5 o-o 0 6 oo- 1 5 -oo 1 7 ooo 1 11 -oo 1 11 ooo 1 10 ooo 1 8 ooo 1 6 ooo 1 4 ooo 2 9 --o 2 5 -o- 2 9 -oo 2 6 o-- 2 7 o-o 2 11 oo- 3 9 --o 3 8 -oo 3 10 o-o 3 4 o-o 3 4 ooo 3 5 ooo 4 5 ooo 4 6 ooo 4 6 ooo 4 11 +oo,-0.9199032857291668,Li2 Cr2 Fe1 O7\n1.0\n  -3.7308990534502788    0.0000000000000000    0.0000000000000000\n   1.7567725229663189    5.2384060117844857    0.0000000000000000\n  -0.0119483669499648   -2.4343880766841037   -6.9511971632480121\nLi Cr Fe O\n2 2 1 7\ndirect\n   0.9880154073117365    0.9723427449525597    0.0496435193696720 Li\n   0.0903872303698433    0.1338701221997840    0.5593316789621944 Li\n   0.4077476005835134    0.8107397307825455    0.7402411492037093 Cr\n   0.7206774373044769    0.4148046700745596    0.8563294767702205 Cr\n   0.6943963633577209    0.4034579006405579    0.2484792419349484 Fe\n   0.2990074504555299    0.5478438125552005    0.4105239810489926 O\n   0.8626914312023326    0.6455422799686141    0.1101422031564683 O\n   0.5660706465967158    0.0833247522315482    0.6279612159756923 O\n   0.0955471908211991    0.2570664799757473    0.3313817829835251 O\n   0.5344806518098542    0.1205265292312979    0.9924020743568429 O\n   0.8770426744831236    0.7459728753190531    0.7675266721439719 O\n   0.2459727160492982    0.4571644457650799    0.7998935622701998 O\n,1
-2.0,Rb Sm Se Se 0 2 o-o 0 2 -oo 0 2 oo- 0 3 --o 0 3 o-- 0 3 -o- 1 3 o-o 1 3 -oo 1 3 oo- 1 2 oo+ 1 2 +oo 1 2 o+o,-1.7387531100756837,Rb1 Sm1 Se2\n1.0\n   8.1348906179353033   -2.1832962720571691    0.0000000000000000\n   8.1348906179353033    2.1832962720571691    0.0000000000000000\n   7.5489229835249239    0.0000000000000000    3.7359054814274555\nRb Sm Se\n1 1 2\ndirect\n   0.0000386562767687    0.0000386562767691    0.0000386562767690 Rb\n   0.5003579527607835    0.5003579527607835    0.5003579527607834 Sm\n   0.7692916848611165    0.7692916848611165    0.7692916848611165 Se\n   0.2307637766850918    0.2307637766850921    0.2307637766850919 Se\n,0
-2.0,Li Li Li Li Mn Mn Mn Co O O O O O O O O 0 13 oo- 0 9 -o- 0 10 ooo 0 14 -oo 0 12 oo- 0 15 ooo 1 8 ooo 1 13 ooo 1 14 +oo 1 11 oo+ 1 12 ooo 1 9 o+o 2 11 o-o 2 14 o-+ 2 15 ooo 2 8 oo+ 2 10 o-o 2 15 ooo 3 13 --o 3 8 -oo 3 10 o-o 3 9 ooo 3 12 ooo 3 12 ooo 4 15 ooo 4 9 -oo 4 12 ooo 4 10 -oo 4 11 ooo 4 13 o+o 5 9 -oo 5 12 -oo 5 10 -oo 5 14 ooo 5 8 ooo 5 11 ooo 6 8 --- 6 11 --- 6 13 --o 6 15 -oo 6 14 o-o 6 8 ooo 7 15 oo- 7 13 ooo 7 9 oo- 7 11 o-- 7 10 ooo 7 12 o-o,-1.0845394979443355,Li4 Mn3 Co1 O8\n1.0\n  -2.9666476754190816    0.0000000000000000    0.0000000000000000\n  -0.0170502394243235   -5.5169732653734602    0.0000000000000000\n   1.2366070044609463    2.4033151720104993   10.3493593221908817\nLi Mn Co O\n4 3 1 8\ndirect\n   0.9591717816041297    0.0206898231238595    0.9472899565869957 Li\n   0.3247248090772599    0.9075573790565108    0.5006613857271093 Li\n   0.8121172476423695    0.4405879643830184    0.4808599020360795 Li\n   0.4481661488882150    0.4956985680451912    0.9429371567253615 Li\n   0.5329658381992524    0.3238999468001253    0.1772913088974900 Mn\n   0.4023037700579578    0.7133025297068355    0.7177305470323447 Mn\n   0.8830581981039080    0.2114786069117490    0.7101261475887872 Mn\n   0.0421745029870416    0.7846767666157832    0.1606663664481128 Co\n   0.5141539111939597    0.9492372010714817    0.0928958864855788 O\n   0.9482657727912540    0.6295670595798759    0.8239175168576164 O\n   0.4187364172526232    0.1273720190495954    0.8170419211368928 O\n   0.8612674660314297    0.7838889176939510    0.6033429262540113 O\n   0.2344944326613306    0.4585982772773318    0.3423690034909767 O\n   0.3143822229610543    0.7232542946946765    0.3260022376492724 O\n   0.9685382273713862    0.4334861542524695    0.0653548721418931 O\n   0.3364065349738222    0.2742103898639784    0.5941195137513010 O\n,1
-2.0,Li Li Li Li Li Li Mo Mo O O O O O O O O O O O 0 8 o-o 0 14 ooo 0 18 +oo 0 9 +oo 0 15 ooo 1 15 -oo 1 17 -oo 1 12 o+o 1 8 ooo 1 16 ooo 1 13 o+o 2 14 --- 2 11 -oo 2 15 o-- 2 10 o-o 2 14 ooo 2 12 o-o 3 10 ooo 3 15 o-o 3 17 ooo 3 17 o-o 3 11 ooo 3 9 o-o 4 16 ooo 4 13 oo+ 4 15 ooo 4 11 ooo 4 9 ooo 5 14 oo- 5 17 oo- 5 10 ooo 5 8 ooo 5 12 ooo 6 15 ooo 6 8 ooo 6 16 -oo 6 11 ooo 6 14 ooo 6 13 ooo 7 17 ooo 7 9 +oo 7 12 o+o 7 15 +oo 7 16 +oo 7 10 +oo,-1.224124516844161,Li6 Mo2 O11\n1.0\n  -5.6582184687939225    0.0000000000000000    0.0000000000000000\n   2.0073855047010474   -5.3693477332232522    0.0000000000000000\n   2.8100201192936969    2.4008714974945149    8.9128671752574053\nLi Mo O\n6 2 11\ndirect\n   0.7077227776189745    0.9966039454433611    0.7976595160762350 Li\n   0.9546501862602862    0.9941944700856525    0.4782186959564242 Li\n   0.6465286572059483    0.0264657034280332    0.1069991588012749 Li\n   0.0678110082843025    0.3151972098026614    0.7289848812519456 Li\n   0.4421491664851880    0.1154087794212736    0.4605239787194969 Li\n   0.5676650543841881    0.6419216365426121    0.5467944939357948 Li\n   0.9268562789716499    0.6233852757552301    0.0256501083621276 Mo\n   0.9411770791534539    0.4659920124592422    0.3851406075376693 Mo\n   0.7775936017562415    0.4340047642705428    0.1438033398477186 O\n   0.2922265699915052    0.3722573827945073    0.5940386577264878 O\n   0.8795577246673413    0.3765484864783983    0.8728235443062589 O\n   0.7051392989471066    0.0102151258889542    0.5868842352174773 O\n   0.9070989273806083    0.9204333073580699    0.6725894296846264 O\n   0.6229844260782511    0.4224385216441664    0.4005686374780220 O\n   0.2758203200777356    0.8286425980768307    0.1074953833148512 O\n   0.1373378947423275    0.5402697200237814    0.6027608535066281 O\n   0.9294092532539371    0.1566528242080404    0.3084887242986284 O\n   0.1445195636840493    0.7905082752685221    0.3905388918136822 O\n   0.7434146141598666    0.8152123106169782    0.9628250047231984 O\n,1
-2.0,Mn Mn Te Te O O O O F F F F 0 6 o-o 0 5 ooo 0 8 o-o 0 4 ooo 0 9 +-o 0 10 +oo 1 7 -oo 1 8 -+o 1 4 ooo 1 6 o+o 1 9 ooo 1 5 ooo 2 11 ooo 2 11 ooo 2 10 ooo 2 7 ooo 2 5 ooo 2 9 ooo 3 4 -oo 3 11 ooo 3 8 ooo 3 10 oo- 3 7 oo- 3 6 ooo,-1.1942183431798694,Mn2 Te2 O4 F4\n1.0\n   5.4870254128329128    0.0000000000000000    0.0000000000000000\n  -1.7113361137567320    5.5161362840684331    0.0000000000000000\n  -0.6886059684249431   -1.8861100919711851    6.6854918035858102\nMn Te O F\n2 2 4 4\ndirect\n   0.2222940952473541    0.1586750861319234    0.1162546389632944 Mn\n   0.5173795008314954    0.6708424488943080    0.8234257597341780 Mn\n   0.0888645544081074    0.8912274407956858    0.5894312431259360 Te\n   0.8190518513929023    0.6769199784321029    0.2220369254662269 Te\n   0.8278378147405058    0.5333492387333445    0.6422939727283772 O\n   0.6599533883046206    0.3078639514459149    0.2975872239841087 O\n   0.7441320638374050    0.2970836030733782    0.4910455758642643 O\n   0.3808491859407308    0.7875447683074385    0.5836565450647432 O\n   0.3171729399471998    0.8405366281628801    0.0114837153662585 F\n   0.8641518210143214    0.9963092349891430    0.9125647554659196 F\n   0.3532558919328672    0.3193364579972703    0.8790181964023895 F\n   0.1612536978359263    0.2313755203965011    0.4004181515611084 F\n,1
-2.0,Ba Ba Nb Nb N N O 0 5 oo- 0 5 o+o 0 5 +oo 0 5 +++ 0 6 ooo 0 6 oo- 0 4 o+o 1 4 --- 1 4 -oo 1 5 o-o 1 6 oo+ 1 3 ooo 1 3 oo- 1 4 o+o 1 6 +oo 2 6 ooo 2 4 ++o 2 4 oo- 2 3 ooo 2 5 oo- 2 5 o+o 3 6 --- 3 6 -oo 3 6 --o 3 4 ooo 3 4 o-- 3 5 -o-,-1.3515921405514528,Ba2 Nb2 N2 O1\n1.0\n   3.6965224930227629    0.0000000000000000    0.0000000000000000\n  -1.6532255110818230    6.3245900722912687    0.0000000000000000\n  -1.6949996415073563   -0.8928079398375240    7.8032805895434132\nBa Nb N O\n2 2 2 1\ndirect\n   0.3970838088769764    0.2359308637592594    0.1590099669080867 Ba\n   0.0619503511264787    0.9234248333272641    0.6878917930743194 Ba\n   0.6417513513145797    0.7480771771192524    0.0413377314564324 Nb\n   0.2493057813052296    0.7283081070655960    0.3063996274513963 Nb\n   0.0820524560036184    0.6097426616606577    0.0429142976346977 N\n   0.8170167855148818    0.8559158414295457    0.3295577984642603 N\n   0.7198143700084757    0.0203895465262526    0.9428897786322437 O\n,1
-3.0,K K Al Al Si Si O O O O O O O O 0 9 oo- 0 9 o-o 0 12 -oo 0 6 o-o 0 5 oo- 0 13 ooo 1 7 ooo 1 8 oo+ 1 10 ooo 1 11 +oo 1 12 o+o 1 12 ooo 2 12 ooo 2 10 -oo 2 10 o-o 2 13 -oo 2 8 o-o 2 11 ooo 3 8 ooo 3 6 ooo 3 11 ooo 3 11 ooo 3 7 oo- 3 9 ooo 4 13 ooo 4 10 ooo 4 13 ooo 4 12 ooo 5 8 ooo 5 11 ooo 5 9 ooo 5 6 ooo,-2.345456489916294,K2 Al2 Si2 O8\n1.0\n   5.2022229079163731    0.0000000000000000    0.0000000000000000\n  -0.8802278763018314    5.5363494700773552    0.0000000000000000\n  -2.4144572648245699   -2.5337162935659507    9.0647783358172926\nK Al Si O\n2 2 2 8\ndirect\n   0.6030533757761060    0.9941078464602758    0.8512514971955890 K\n   0.7790699971491597    0.7876551838665034    0.4402230622166660 K\n   0.1973812854989659    0.1727884575065658    0.2658972461810096 Al\n   0.8220562966102565    0.4636812908285079    0.7377974660618931 Al\n   0.1495136405520376    0.3545296502785020    0.5997007163461497 Si\n   0.1313861468590826    0.5908070306007692    0.0890899972695136 Si\n   0.0377424950683486    0.6130709821706068    0.6565817853586234 O\n   0.0548433124783773    0.2943472915405138    0.1006795803343925 O\n   0.5020355654766934    0.3689891217250619    0.2671700338368463 O\n   0.1611232187720919    0.8494379063955391    0.2116496262597529 O\n   0.4770051638617611    0.4478950355668894    0.6819104961093301 O\n   0.9362878447957357    0.5820121178154476    0.9304028452529862 O\n   0.9361789653316382    0.1870180155782252    0.6671298192809387 O\n   0.0810401428803923    0.2416840637254002    0.4244458409048907 O\n,1
-3.0,Ca Ti Ti Zn O O O O O O 0 6 ooo 0 9 +oo 0 4 ooo 0 7 o+o 0 5 oo- 0 8 oo- 1 9 --o 1 9 ooo 1 7 -oo 1 4 ooo 1 8 -oo 1 8 ooo 2 6 --- 2 5 o-o 2 4 -oo 2 7 ooo 2 6 o-- 2 8 ooo 3 9 --o 3 5 oo- 3 4 ooo 3 7 ooo 3 8 ooo 3 6 oo-,-2.70813944202474,Ca1 Ti2 Zn1 O6\n1.0\n  -3.6167260919513233    0.0000000000000000    0.0000000000000000\n  -0.0034702467194934   -3.6732715628695822    0.0000000000000000\n   1.7282688052229802    0.9200106362409048    9.6960279970652579\nCa Ti Zn O\n1 2 1 6\ndirect\n   0.6092401107490071    0.9724948932852110    0.9901464955854560 Ca\n   0.9756712467792992    0.5044863367621254    0.7282414800198553 Ti\n   0.2058594685376608    0.5304118539481052    0.2109569044038176 Ti\n   0.3592449857778746    0.1088307755440163    0.4919282721096755 Zn\n   0.9061658467696706    0.1213646074310019    0.5892756997991043 O\n   0.0439080924938990    0.3158295004280053    0.8884728538246032 O\n   0.1729040900391051    0.0171155562990377    0.1549199052257058 O\n   0.3080489929984174    0.5906382242347304    0.3992702622100692 O\n   0.4798054923657021    0.6813008432284811    0.7376894823143290 O\n   0.6647189644047351    0.5161799210264261    0.1407838828580588 O\n,1
-3.0,Rb Rb Y Tl F F F F F F 0 8 ooo 0 6 ooo 0 5 ooo 0 7 ooo 0 9 ooo 0 4 ooo 1 4 oo- 1 6 ooo 1 5 o-o 1 8 ooo 1 7 -oo 1 9 ooo 2 8 o-o 2 6 -oo 2 6 o-o 2 4 oo- 2 5 -oo 2 7 o-o 2 9 oo- 2 9 ooo 0 3 -oo 2 3 oo- 3 4 oo- 3 8 ooo 3 7 ooo 3 5 o+o 3 8 oo+ 3 6 o+o 3 9 o++ 3 4 +oo 3 4 oo+ 3 5 o+o 4 5 oo+ 4 5 +oo 4 9 +oo 4 9 o+o 4 7 ooo 5 7 oo+ 5 6 o-o 5 6 -oo 6 7 oo- 6 8 o-o 6 9 -oo 6 8 oo- 6 8 oo+ 6 9 o+o 7 8 o-+ 7 9 -o+ 7 9 -oo 7 8 o-+ 7 9 -oo 8 9 ooo,-3.2661125720245465,Rb2 Y1 Tl1 F6\n1.0\n   3.6037151710690738    0.0000000000000000    0.0000000000000000\n   1.6080025654823320    7.3185192265631764    0.0000000000000000\n   0.4732781601603999    0.8753496214497315    8.7421878924898824\nRb Y Tl F\n2 1 1 6\ndirect\n   0.8774938567285471    0.3227336879251138    0.8187173633459635 Rb\n   0.7789825732047757    0.7586714105164805    0.0711999394994426 Rb\n   0.4722677005115264    0.3384075861804977    0.3218922409805117 Y\n   0.5901577916014589    0.8571629120929387    0.6480863325531618 Tl\n   0.9314214482475727    0.3617966775624916    0.4819492927139026 F\n   0.1660957993309485    0.6515300760939040    0.7660350962722922 F\n   0.0518132640933120    0.1672526054429337    0.2646469975876858 F\n   0.3356369279056973    0.6300160006935747    0.3086839293647541 F\n   0.4637862980308347    0.4071153143021139    0.0805501040529207 F\n   0.4705041408696798    0.0360861680997826    0.8569495189870200 F\n,1
-3.0,Ba Ba Al Al V V O O O O O O O O O O 0 9 --o 0 9 o-o 0 8 --o 0 8 ooo 0 6 -oo 0 6 --o 0 15 -oo 0 10 --o 0 11 ooo 0 12 -oo 0 12 o-o 0 10 ooo 1 13 oo- 1 13 +oo 1 9 -oo 1 13 o+o 1 14 oo- 1 11 ooo 1 7 ooo 1 7 ooo 1 6 o+o 1 12 o+o 2 6 ooo 2 8 +oo 2 10 ooo 2 14 ooo 2 12 ooo 2 15 ooo 3 7 ooo 3 11 +oo 3 14 ooo 3 8 +oo 3 11 o-o 3 13 ooo 4 7 --- 4 12 -o- 4 8 o-o 4 14 oo- 4 10 oo- 5 6 ooo 5 15 o-o 5 9 +oo 5 13 ooo 5 9 ooo,-2.083631050407715,Ba2 Al2 V2 O10\n1.0\n   5.7316286345819583    0.0000000000000000    0.0000000000000000\n   2.0300233375453409    6.9704106542265327    0.0000000000000000\n   2.2404450876002682    1.2356713688831391    7.4071097897809084\nBa Al V O\n2 2 2 10\ndirect\n   0.9615207541612071    0.0159173392777028    0.9995561144299259 Ba\n   0.4499111723268214    0.2296999564471101    0.4943511128878734 Ba\n   0.1749142218521620    0.3932498603248249    0.1092220146100502 Al\n   0.2926770465014736    0.7110597686271412    0.6902134400004279 Al\n   0.8597384451063583    0.6572121202042862    0.4557390182823053 V\n   0.8617820242273697    0.5913846585887584    0.8890238234474861 V\n   0.8846929241353725    0.3767180429519185    0.0598379900280603 O\n   0.1988249488009750    0.5981044680006977    0.9263799034274757 O\n   0.6599949180663123    0.7933412214292230    0.9421179777929728 O\n   0.0550873005765804    0.6245817413938399    0.6349665348230674 O\n   0.3443731229399959    0.1576633700515205    0.0371286583000401 O\n   0.2449168457344274    0.9556722761557184    0.6822340287746281 O\n   0.5898287666582227    0.5578535145930852    0.5931120627564275 O\n   0.0684666873248387    0.4787430389234404    0.3213322636595217 O\n   0.4557019840489815    0.2115259674234471    0.1645985931354175 O\n   0.7876020186066092    0.9030229448464506    0.3747880230535291 O\n,1
-3.0,Sr Sr Sr Sr Sm Sm Cu O O O O O O O O 0 14 ooo 0 9 o++ 0 7 ooo 0 12 ooo 0 12 +o+ 0 13 oo+ 1 10 o-o 1 9 -oo 1 11 ooo 1 8 o-o 1 7 ooo 1 10 -oo 1 6 o+o 2 11 oo- 2 8 +oo 2 12 oo- 2 14 ooo 2 7 o-o 2 10 +oo 2 10 ooo 3 8 -oo 3 13 ooo 3 14 -oo 3 11 o+o 3 13 oo- 3 9 ooo 3 6 ooo 4 13 --- 4 10 --o 4 12 -oo 4 8 o-o 4 7 oo- 4 11 ooo 5 13 ooo 5 9 ooo 5 9 ooo 5 10 ooo 5 11 ooo 5 10 ooo 6 8 oo- 6 8 oo- 6 11 ooo 6 12 ooo 7 14 --o 7 13 -oo 7 7 o-o 7 9 ooo,-2.279106947108073,Sr4 Sm2 Cu1 O8\n1.0\n   3.6391996083537870    0.0000000000000000    0.0000000000000000\n   0.0680657361294867    9.4981352568519011    0.0000000000000000\n   0.1720887789180781    4.2633493796968596   10.8542453510600474\nSr Sm Cu O\n4 2 1 8\ndirect\n   0.4989566556877139    0.8499195146865941    0.3176351628962253 Sr\n   0.4792812421411999    0.6920948567850305    0.9846317153001443 Sr\n   0.9087081807506742    0.2790146650190403    0.2657823962902613 Sr\n   0.9522785012583874    0.6146840501822683    0.6686599962518449 Sr\n   0.9883378005060449    0.0007802635583343    0.5102040793440576 Sm\n   0.9687393763422821    0.3794795935325763    0.9538788582178576 Sm\n   0.0225359622046966    0.6375995761140134    0.2265290654306946 Cu\n   0.4453716994457682    0.4752309696335735    0.8050589805807133 O\n   0.9709234380407457    0.6309879945671373    0.8862289877678726 O\n   0.6495680527290165    0.3382604034443135    0.8011480078309294 O\n   0.4734388630137512    0.3574319255710362    0.0904526060315535 O\n   0.5236131455656458    0.6550003970158967    0.2125706354653456 O\n   0.4814022102322076    0.1589056789780324    0.4434490439650454 O\n   0.9904216901380102    0.0050477406381594    0.3208237462699125 O\n   0.4814238354506211    0.8058493418297548    0.5551027405064288 O\n,1
-3.0,La Gd Sm Fe O O O O O O 0 6 --- 0 6 o-- 0 9 -oo 0 9 o-o 0 7 oo- 0 8 -oo 0 4 ooo 0 5 ooo 1 8 -oo 1 8 -o- 1 6 o+o 1 7 o+o 1 4 oo- 1 5 ooo 2 9 o-o 2 7 +oo 2 4 ooo 2 6 ooo 2 5 oo- 2 7 ooo 3 9 ooo 3 9 ooo 3 5 +oo 3 4 ooo 3 8 ooo 3 6 ooo 3 7 ooo,-2.5901001205468765,La1 Sm1 Gd1 Fe1 O6\n1.0\n   3.5059197972100091    0.0000000000000000    0.0000000000000000\n  -0.2510971419435517    5.5459256059833004    0.0000000000000000\n  -1.2393884759746112   -1.8064730182925721    7.6842100368118107\nLa Sm Gd Fe O\n1 1 1 1 6\ndirect\n   0.9912787863866660    0.0976238171431809    0.9754070274629756 La\n   0.7234083807595397    0.2444328668167118    0.5162888590573378 Sm\n   0.5926844660641633    0.6725133460248690    0.2274508100136630 Gd\n   0.2873045251716017    0.7722065846532146    0.6129773860399340 Fe\n   0.8202874140310970    0.6885181891644063    0.6974792891120791 O\n   0.5640573677408083    0.0422456416341838    0.1603982652860363 O\n   0.2265892670038185    0.4544504602273053    0.4270282460377591 O\n   0.0261382478128166    0.5234466185004394    0.0626568315408880 O\n   0.4030467287808066    0.1304426264680891    0.7473031321942181 O\n   0.1459056905950940    0.9253211794948145    0.4212008544489477 O\n,1
