bandgap_target,eform_target,SLICES,poscar,novelty
1.0,-2.0,Sc Sc Sc Sc Sc Sc Te Te Te Te Te Te Te Te 0 7 --- 0 8 --o 0 9 oo- 0 10 ooo 0 11 oo- 0 6 ooo 1 13 ooo 1 12 ooo 1 9 o-o 1 8 o-o 1 7 o-o 1 13 ooo 2 10 ooo 2 6 ooo 2 9 ooo 2 11 ooo 3 8 -oo 3 10 -oo 3 7 ooo 3 12 ooo 4 9 oo- 4 12 ooo 4 6 oo- 4 7 ooo 4 13 oo- 4 10 ooo 5 9 -oo 5 8 -oo 5 11 -oo 5 12 ooo 5 6 ooo 5 7 ooo,Sc6 Te8\n1.0\n   5.7992659887395117    0.0000000000000000    0.0000000000000000\n   0.2696476646143544    8.1979909000464808    0.0000000000000000\n   0.8342844506346060    3.1535998314856668    9.2232535932980042\nSc Te\n6 8\ndirect\n   0.8894556613148320    0.9092100361345764    0.9998804329306806 Sc\n   0.4480144549103263    0.1938815024614226    0.6324620158103303 Sc\n   0.8389483711033775    0.5619416818999110    0.5889118667628422 Sc\n   0.9295615700466168    0.2520051816206471    0.3881115971239844 Sc\n   0.1998843215899176    0.5143122660373256    0.0620487184915903 Sc\n   0.1417775993613756    0.8516450536385705    0.6865193847214270 Sc\n   0.6946203405490885    0.9231439093631514    0.5309661742214900 Te\n   0.3379189196488757    0.5486363220220606    0.6197646282041347 Te\n   0.9226902836272204    0.6340296691125233    0.2739725755537116 Te\n   0.3790483779489692    0.8992836348301849    0.9266343095381852 Te\n   0.0225274374572740    0.1691173408684941    0.1253559270810249 Te\n   0.9348252313480405    0.1883291522234111    0.7144190590914827 Te\n   0.4266739717681465    0.3324321610201338    0.3254541216954686 Te\n   0.8284242562802628    0.6057319582085774    0.8817571637187422 Te\n,1
1.0,-2.0,Na Fe Fe Fe Si Si O O O O O O O O 0 12 ooo 0 13 o-o 0 9 ooo 0 11 o-o 0 8 +oo 0 10 +oo 1 11 o-o 1 7 ooo 1 6 +oo 1 12 +o- 1 9 oo- 1 8 ooo 2 6 ooo 2 8 ooo 2 7 +oo 2 12 ooo 2 11 ooo 3 10 ooo 3 13 ooo 3 6 oo+ 3 7 ooo 3 9 ooo 4 9 -oo 4 10 ooo 4 6 ooo 4 8 o+o 5 9 oo+ 5 10 ooo 5 11 ooo 5 7 ooo,Na1 Fe3 Si2 O8\n1.0\n   5.5909710270692790    0.0000000000000000    0.0000000000000000\n  -1.4775006577433332    5.9222627584679532    0.0000000000000000\n  -0.6514094929452070   -2.6130968516650110    5.8012872682332350\nNa Fe Si O\n1 3 2 8\ndirect\n   0.0882216500927392    0.1912889201089155    0.2884123334624677 Na\n   0.5587772566871314    0.3414494920486600    0.1170037758875893 Fe\n   0.1002125428750110    0.1113704639048795    0.7348716029175046 Fe\n   0.3083375716431760    0.6834829967901517    0.8836360874348126 Fe\n   0.3909165706919265    0.7879006690527880    0.4383514463100293 Si\n   0.7041624733890063    0.3059269572501968    0.6364076844884280 Si\n   0.7184161296343747    0.3281347074106283    0.3934908104922882 O\n   0.9837281228012211    0.4350388847901127    0.8144763037854038 O\n   0.4273464576028088    0.6459129941020015    0.1769533378218474 O\n   0.1686741874787569    0.9145636441541524    0.4366287626153014 O\n   0.2650148310426283    0.0106306878774618    0.9761793953225190 O\n   0.3360585840560181    0.6050209822683236    0.5683362831236907 O\n   0.4981127486515771    0.3842080515450715    0.7923499380179043 O\n   0.6703716747452952    0.0088719419456244    0.5864250887285841 O\n,1
1.0,-2.0,Zn Zn Zn Zn O O O O 0 7 ooo 0 4 ooo 0 5 oo- 0 6 ooo 1 6 -oo 1 5 ooo 1 7 oo+ 1 4 ooo 2 5 --- 2 4 o-- 2 7 -oo 2 6 ooo 3 6 -oo 3 5 --o 3 4 o-o 3 7 ooo,Zn4 O4\n1.0\n   3.2788276708471167    0.0000000000000000    0.0000000000000000\n  -0.0092881643149429    5.6748943769293438    0.0000000000000000\n  -1.6307264162221875   -2.8316636403763291    5.3290965905269330\nZn O\n4 4\ndirect\n   0.7000083558454540    0.1442937892644964    0.8949542208191793 Zn\n   0.9438070383189056    0.0568396237380888    0.3903508317993116 Zn\n   0.4471615172701975    0.5588399667049279    0.3950671796733207 Zn\n   0.2055784622604834    0.6401414579654362    0.8928018310543345 Zn\n   0.6440965433575885    0.7478563662575811    0.7704371557094126 O\n   0.3827047533080782    0.8280509665380893    0.2679413743623868 O\n   0.1371001133289507    0.2451241226107550    0.7675795225782822 O\n   0.8845142410850784    0.3316474252353076    0.2709690871314938 O\n,1
1.0,-2.0,Pr Pr Pr Pr Pr Pr Pd Pd Se Se Se Se Se Se 0 8 ooo 0 11 oo+ 0 13 ooo 0 6 ooo 0 12 +oo 0 7 ooo 0 9 ++o 0 10 +oo 1 9 ooo 1 7 oo- 1 6 ooo 1 6 oo- 1 7 ooo 1 8 o-o 1 8 oo- 1 12 ooo 2 13 oo- 2 10 ooo 2 9 ooo 2 11 oo- 2 13 +oo 2 12 +o- 2 10 ooo 3 7 ooo 3 12 ooo 3 11 ooo 3 6 ooo 3 7 ooo 3 11 ooo 3 9 oo+ 4 10 -oo 4 12 -oo 4 11 -o+ 4 10 o+o 4 8 ooo 4 9 ooo 4 13 oo+ 4 6 o+o 5 10 ooo 5 7 ooo 5 6 ooo 5 12 ooo 5 9 o+o 5 11 ++o 6 12 oo- 6 13 o-o 6 10 o-o 6 7 ooo 7 8 ooo 7 11 o+o 7 8 ++o,Pr6 Pd2 Se6\n1.0\n   6.0140288705521190    0.0000000000000000    0.0000000000000000\n  -1.8679896841025765    8.1676187103347822    0.0000000000000000\n  -0.8168825658548210   -1.3263405486194542   10.9906948081950340\nPr Pd Se\n6 2 6\ndirect\n   0.4283527012434368    0.9826843564754943    0.2518695438349798 Pr\n   0.9947004622916493    0.2049812338796975    0.1635605305652258 Pr\n   0.6057500120565678    0.2591153520505552    0.7283003525835983 Pr\n   0.2062522228582347    0.7923316743365902    0.6491864511909218 Pr\n   0.7867306644944845    0.8974969259587019    0.8866038844680637 Pr\n   0.0133934204241773    0.1419854385119803    0.4785491913099392 Pr\n   0.1078270879321803    0.4206016880900941    0.6685275419829236 Pd\n   0.0639709447341919    0.1119981360719798    0.7418355582910131 Pd\n   0.1046143064727193    0.8079942615886982    0.3846127588405982 Se\n   0.3385278243700743    0.0269387115530913    0.8954106765078029 Se\n   0.7318717147285571    0.9073232873056103    0.6191078894651321 Se\n   0.4591792081848361    0.5640441264828953    0.7922366787056052 Se\n   0.5405480888621296    0.2247891825074207    0.4575316347679514 Se\n   0.9568440649892109    0.5791836435603083    0.8297206088652788 Se\n,1
1.0,-2.0,Sc Sc Sc Sc Mn Mn Ni Ni Ni Ni O O O O O O O O O O 0 16 -oo 0 14 -+o 0 10 -+o 0 13 ooo 0 12 oo+ 0 15 o+o 1 17 ooo 1 13 ooo 1 11 ooo 1 16 ooo 1 18 ooo 1 12 ooo 2 12 ooo 2 17 oo- 2 19 ooo 2 14 ooo 2 16 ooo 2 10 ooo 3 14 ooo 3 15 ooo 3 13 ooo 3 15 oo- 3 17 ooo 3 19 ooo 4 18 -oo 4 14 -oo 4 17 -+o 4 8 ooo 4 13 ooo 4 16 o+o 5 15 -o+ 5 16 -oo 5 12 oo+ 5 18 ooo 5 14 ooo 5 9 oo+ 6 10 o-o 6 13 o-o 6 10 ooo 6 18 o-o 6 11 ooo 6 14 ooo 7 15 o-o 7 19 o-+ 7 16 -o+ 7 17 oo+ 7 11 ooo 7 12 oo+ 8 19 o-o 8 11 oo+ 8 12 ooo 8 13 oo+ 8 15 ooo 8 14 ooo 8 18 ooo 8 10 ooo,Sc4 Mn2 Ni4 O10\n1.0\n   5.4716930574782801    0.0000000000000000    0.0000000000000000\n  -2.3056877632019992   -5.5377855152374700    0.0000000000000000\n  -1.6841705526448194    0.2981653057858178  -10.8433206707980148\nSc Mn Ni O\n4 2 4 10\ndirect\n   0.2256826823070168    0.0275182355879405    0.1023952578030956 Sc\n   0.0834541254769475    0.8375320023269451    0.8138992837660257 Sc\n   0.7301586399223701    0.0690016842830503    0.2940604271387602 Sc\n   0.8303151747031314    0.9070038292826452    0.5520228755439811 Sc\n   0.4470201552453551    0.5206554380314786    0.2599754242067349 Mn\n   0.4020456951422181    0.3760539792062827    0.7478599535844541 Mn\n   0.1245242955967473    0.3948871376093366    0.9336516442121290 Ni\n   0.6267619779661704    0.7078574015639589    0.9517304965800769 Ni\n   0.8902799527787644    0.4249766177795666    0.0969746450107767 Ni\n   0.8028761894969743    0.4014607860133531    0.5967090716416471 Ni\n   0.2494546114042743    0.1459219865653947    0.9187398879490445 O\n   0.7603131687680311    0.1871105803674807    0.4693298627956343 O\n   0.1817923142633665    0.0560471237594483    0.6623433298696575 O\n   0.3206888861274726    0.6581798412879334    0.8324216048235620 O\n   0.7319391511315473    0.6348928730123300    0.6809215227690200 O\n   0.9631156947411652    0.7002138986661838    0.9941532980907122 O\n   0.7531676806707464    0.7662694302352746    0.3867386475544482 O\n   0.3803199082983483    0.8193522805021388    0.2069544497327142 O\n   0.0484377879609165    0.2090789745236482    0.1943977433863664 O\n   0.5907258823117376    0.3002716085822020    0.1839453195769037 O\n,1
1.0,-2.0,Li Li Ag Ag Ag Ag F F F F F F F F F F 0 10 o-o 0 9 o-+ 0 12 ooo 0 7 ooo 1 9 ooo 1 10 o+o 1 14 o+o 1 11 ++o 2 11 oo+ 2 15 ooo 2 13 +oo 2 9 +oo 2 14 +oo 2 8 +oo 3 12 o-o 3 7 +oo 3 11 +oo 3 15 +o+ 4 7 oo+ 4 9 oo+ 4 10 oo+ 4 14 oo+ 5 8 ooo 5 7 ooo 5 6 ooo 5 6 +oo,Li2 Ag4 F10\n1.0\n  -5.5540489781018270    0.0000000000000000    0.0000000000000000\n   2.2082833480665949   -5.4465065562984805    0.0000000000000000\n   2.0798980076797009    2.6585259612561778    7.8479362333261111\nLi Ag F\n2 4 10\ndirect\n   0.9305565043181544    0.0837615343854738    0.0786009767650204 Li\n   0.7977887646305577    0.9860062888973684    0.6899142861712245 Li\n   0.6499534382932826    0.4806315247857116    0.9979427190820280 Ag\n   0.2211965326619186    0.2260549401733525    0.5254023529355740 Ag\n   0.2587777280423081    0.7974837602004934    0.7858162642523452 Ag\n   0.3898941439331237    0.7763966990223167    0.2912274431253314 Ag\n   0.7171477120672471    0.0842344153262247    0.4780490733708977 F\n   0.1446076063783345    0.0051598430337698    0.2713715374723440 F\n   0.4202274119978598    0.6298912357024518    0.5675178272397361 F\n   0.2530507285195981    0.3898431275502034    0.7848086031615975 F\n   0.5346059704463271    0.8780432079269906    0.0290235423491771 F\n   0.9706189240641525    0.9004723213837795    0.8850436531553846 F\n   0.6405669166122450    0.1937197913202064    0.7988407541957951 F\n   0.0611878904117062    0.4579834741301416    0.1105152993403555 F\n   0.0609072280778051    0.8592509080678349    0.5705626330604577 F\n   0.5931871964855577    0.5478228714338560    0.2380935419288226 F\n,1
1.0,-2.0,Li Li Mn Ni O O O O 0 6 oo- 0 6 ++o 0 6 ooo 0 5 oo+ 0 5 ooo 0 7 +oo 0 2 +oo 1 2 o-o 1 4 ooo 1 7 ooo 1 7 o-o 1 4 +oo 1 3 o-o 1 3 +oo 2 5 -oo 2 5 o+o 2 5 ooo 2 6 ooo 2 6 -oo 3 4 --o 3 4 o-o 3 4 ooo 3 7 oo+ 3 7 +o+,Li2 Mn1 Ni1 O4\n1.0\n   3.1241683074995104    0.0000000000000000    0.0000000000000000\n  -1.2512424938998303    5.1900923053440939    0.0000000000000000\n  -0.0942638499548530   -1.7115577972597742    5.2825936380561966\nLi Mn Ni O\n2 1 1 4\ndirect\n   0.8027994999206357    0.9429944316977037    0.1314788310461187 Li\n   0.5901249886064537    0.4195834823869988    0.4145656403086048 Li\n   0.1052527068039508    0.4277836259507860    0.9342113477407029 Mn\n   0.3364365948527276    0.8665547626750619    0.6873612468828835 Ni\n   0.5229633263908438    0.1775138827736792    0.9919906641693056 O\n   0.2694402326414987    0.9305953039175535    0.3587776298048729 O\n   0.6598355833889620    0.6301549543814999    0.8010885263794758 O\n   0.1693188924671785    0.6245951311191510    0.3413931792303102 O\n,1
1.0,-2.0,Tb Tb Tb Tb Mn S S S S S S 0 7 -oo 0 5 -oo 0 5 ooo 0 10 o-o 0 9 ooo 0 8 o-o 0 4 ooo 1 9 ooo 1 9 +oo 1 7 o+o 1 5 ooo 1 8 +oo 1 6 o+o 1 4 ++o 2 6 oo- 2 6 +o- 2 5 o+o 2 10 ooo 2 7 oo- 2 8 +oo 2 10 ooo 3 7 ooo 3 8 -oo 3 5 o-o 3 6 o-o 3 5 ooo 4 6 -oo 4 6 o-o 4 6 -o+ 4 7 o-+ 4 7 ooo 5 6 +oo 5 7 o+o 5 7 ++o 6 8 +oo 6 8 o+o 6 8 +oo 6 8 o+o 6 8 ooo 6 10 +oo,Tb4 Mn1 S6\n1.0\n  -5.5243836330585152    0.0000000000000000    0.0000000000000000\n   2.7426715322540907    6.1735830607066626    0.0000000000000000\n  -0.3276012603778442   -2.2090815373751123   -7.4469248258570540\nTb Mn S\n4 1 6\ndirect\n   0.2920332852416065    0.9435258022854515    0.7183825062643239 Tb\n   0.2538645690567161    0.9425376972057364    0.2393159607203241 Tb\n   0.5998174333494055    0.6017048919223957    0.8774183524341563 Tb\n   0.9215186642289832    0.2746228036921989    0.0770766537220735 Tb\n   0.6674180968011362    0.6512333954674794    0.4531543181387307 Mn\n   0.4182257717128832    0.2653968412483633    0.0486367208658294 S\n   0.7966137435060200    0.9581426190178068    0.7352811719453353 S\n   0.7383658864857118    0.9123141255340552    0.2198039431937356 S\n   0.4501840387584248    0.2820075615256552    0.5510244920982554 S\n   0.1021771291435249    0.6036921255827206    0.3996770881192993 S\n   0.1036125482469661    0.6127591560064349    0.9068177352158835 S\n,1
1.0,-2.0,K Li V V Cl Cl Cl Cl Cl Cl 0 9 o-o 0 9 -oo 0 9 oo- 0 8 ooo 0 8 -oo 0 8 o-o 0 7 oo- 0 4 ooo 0 5 -oo 0 6 o-o 0 7 oo- 0 5 ooo 1 5 ooo 1 6 o+o 1 4 oo+ 1 4 o+o 1 7 ooo 1 6 +oo 2 8 --o 2 5 -o- 2 9 -oo 2 6 o-- 2 7 o-o 2 4 oo- 3 7 ooo 3 8 ooo 3 6 ooo 3 9 ooo 3 5 ooo 3 4 ooo,K1 Li1 V2 Cl6\n1.0\n   6.1216743883866904    0.0000000000000000    0.0000000000000000\n  -2.5398708045654845    6.2312598862799868    0.0000000000000000\n  -0.4511523145827624   -1.7617330791877401    8.5711455188125765\nK Li V Cl\n1 1 2 6\ndirect\n   0.8622829290740188    0.9575601907931708    0.9698389555042244 K\n   0.4759360729515041    0.1613014257992203    0.7537925512089119 Li\n   0.6652018549936281    0.6066915116824352    0.4548140371576506 V\n   0.9009192232118080    0.1633766921731666    0.5187024928939461 V\n   0.3696493886376310    0.9860696836617846    0.9486145024360312 Cl\n   0.7781279422031757    0.3274184985128601    0.3200339549494364 Cl\n   0.9374188195459707    0.8700025184963280    0.3281212379456450 Cl\n   0.5018581213092670    0.8764413789762726    0.5226838555932165 Cl\n   0.9005116482016678    0.3265586004389378    0.7745781800038052 Cl\n   0.3394964507617727    0.3736494481214336    0.5690844108999368 Cl\n,1
1.0,-2.0,Ca Ca Fe Fe Fe Bi Bi Bi O O O O O O O O O O O O 0 15 -oo 0 12 -o+ 0 8 ooo 0 17 oo+ 0 9 ooo 0 16 o+o 1 16 ooo 1 14 ooo 1 13 ooo 1 9 ooo 1 11 ooo 1 10 ooo 2 12 ooo 2 18 ooo 2 8 ooo 2 10 o+o 2 11 ooo 2 14 +oo 3 14 ooo 3 13 oo+ 3 19 ooo 3 17 ooo 3 16 oo+ 3 15 ooo 4 15 oo+ 4 17 oo+ 4 11 oo+ 4 12 ooo 4 9 oo+ 4 14 ooo 5 10 ooo 5 15 ooo 5 8 ooo 5 13 ooo 5 11 +oo 5 9 +o+ 6 12 oo+ 6 12 o++ 6 16 oo+ 6 8 o++ 6 10 oo+ 6 15 o+o 7 19 --o 7 10 o-o 7 17 oo- 7 8 o-o 7 18 ooo 7 13 oo-,Ca2 Fe3 Bi3 O12\n1.0\n   6.4266815642377821    0.0000000000000000    0.0000000000000000\n  -2.9378126377299840    6.3119135674147691    0.0000000000000000\n  -1.5537140083390155   -2.0601589960133824    8.2543569839374236\nCa Fe Bi O\n2 3 3 12\ndirect\n   0.1577055144113257    0.0601707249368219    0.2389324097940810 Ca\n   0.8289383005989525    0.0683501647650229    0.5144726323401752 Ca\n   0.8011474167339269    0.5602712073882610    0.5270886821665159 Fe\n   0.6965779657222626    0.6080881434586972    0.1430675784392418 Fe\n   0.9362938452040581    0.4152979209056356    0.8661953574481445 Fe\n   0.4564090972911882    0.6909056360868218    0.7571851435181278 Bi\n   0.2426004608210132    0.5884491003876983    0.3111583377899929 Bi\n   0.6396436040203556    0.1151110727105062    0.1306112763824294 Bi\n   0.5212690544040264    0.4335304657479113    0.8776450620254294 O\n   0.4974388543474493    0.0297910184500083    0.3310339478095741 O\n   0.7062641788850320    0.5169217167349609    0.7952519516781635 O\n   0.9718443947543187    0.2582676165713116    0.3237768755118461 O\n   0.8983620024590822    0.7830687148323935    0.3787088216861795 O\n   0.3973288684379836    0.4119168309904289    0.1755325455551799 O\n   0.7605763250717763    0.8717952769212606    0.0717417360385646 O\n   0.9354820088391667    0.5098667654838424    0.0923662684236697 O\n   0.6949230618688709    0.1270089867767426    0.7468127715291444 O\n   0.9326633575475920    0.1305940537307321    0.8128601628586329 O\n   0.4904575220586224    0.5592771030726290    0.5274852086848399 O\n   0.0528538336344816    0.5077966525604780    0.6666666816533835 O\n,1
1.0,-2.0,Li Li Li Fe Fe Fe O O O O F F F F 0 7 o-o 0 12 -oo 0 13 oo- 0 11 ooo 1 8 --o 1 6 o-- 1 10 -o- 1 9 ooo 2 12 oo+ 2 11 ooo 2 9 oo+ 2 10 oo+ 2 13 ooo 2 8 ooo 3 10 ooo 3 12 oo- 3 11 ooo 3 7 oo- 3 8 ooo 3 10 oo- 4 11 -oo 4 6 -oo 4 9 -oo 4 10 ooo 4 12 ooo 4 7 ooo 5 11 oo- 5 7 ooo 5 12 oo- 5 13 ooo 5 9 ooo 5 6 ooo,Li3 Fe3 O4 F4\n1.0\n   5.4985001305936683    0.0000000000000000    0.0000000000000000\n  -2.6827589388278650    5.4862765655042418    0.0000000000000000\n  -0.5666580273126590   -1.2701056052139033    6.7023537413396683\nLi Fe O F\n3 3 4 4\ndirect\n   0.2669153694350718    0.1865799323578548    0.9473598217367387 Li\n   0.5800067342218116    0.2616223363893903    0.5051161566833445 Li\n   0.2616001630841768    0.6824125408704945    0.3843594407963686 Li\n   0.9501087683072407    0.6098655045826950    0.9693521976132218 Fe\n   0.8189377729587997    0.7760849201390876    0.5039030736325232 Fe\n   0.1872619355079494    0.3930129083079535    0.6728228729981063 Fe\n   0.0502410882900196    0.3672531569457009    0.9389733303226734 O\n   0.9499886314426020    0.5225377326672538    0.5656761437989041 O\n   0.4519919145459552    0.5115273003354741    0.4924098854974843 O\n   0.1258901167132870    0.0553669603291141    0.6500214752306483 O\n   0.6040147452635668    0.9630201240017526    0.4224091267920810 F\n   0.5616084879925411    0.4681884419839628    0.9011232753597185 F\n   0.9228638145610714    0.7735231391281890    0.2258671466949798 F\n   0.2905411531311800    0.8972237639625908    0.9977904418806776 F\n,1
1.0,-2.0,Li Mn V V V V O O O O O O O O O O O 0 13 o-o 0 9 -oo 0 9 oo+ 0 10 oo+ 1 8 +oo 1 8 ooo 1 6 o+o 1 14 ooo 1 15 +oo 2 14 ooo 2 6 ooo 2 7 oo+ 2 7 o+o 3 16 ooo 3 12 ooo 3 10 ooo 3 8 ooo 4 13 ooo 4 7 ooo 4 15 oo+ 4 12 o+o 5 11 oo- 5 10 oo- 5 6 ooo 5 11 oo-,Li1 Mn1 V4 O11\n1.0\n   5.2625514413125210    0.0000000000000000    0.0000000000000000\n   1.3790034115602132    6.6126420054895299    0.0000000000000000\n   2.4342783174574851    2.6358544266185078    7.4048019680226593\nLi Mn V O\n1 1 4 11\ndirect\n   0.0461392128349538    0.1072093960045633    0.9679550155480694 Li\n   0.5475421779182853    0.5177190907519856    0.1680725224195039 Mn\n   0.6473495388906326    0.9477524799967394    0.8401493909440679 V\n   0.1504060784058296    0.6610844181390455    0.5474726098599626 V\n   0.9430618947109027    0.2161219925674962    0.5154815779550039 V\n   0.5877204378524092    0.4534635965697019    0.7807078964146932 V\n   0.6588694494269889    0.3230544474365863    0.9897895289715751 O\n   0.2413548660968833    0.5589379842373520    0.7591982515710722 O\n   0.9726698122819493    0.0060851149038689    0.8016271400016191 O\n   0.8926924159179448    0.4888180884406652    0.5772558677792534 O\n   0.4506286861478805    0.8849889403335609    0.0552071769368592 O\n   0.5444629249407928    0.2121331429310671    0.6992937269972526 O\n   0.4141664023397091    0.5893915294499976    0.4004166767112309 O\n   0.6634071114561344    0.7309376527146194    0.7714832348619662 O\n   0.0906738690666749    0.4055348910011185    0.2754409224322133 O\n   0.8908175087387150    0.3053526973584209    0.2663509737347570 O\n   0.0911756251704272    0.9343547453467949    0.4718480693106911 O\n,1
1.0,-2.0,Lu Lu Lu Lu Cu Cu Cu Cu O O O O O O O O O O O O 0 17 ooo 0 13 ooo 0 18 ooo 0 19 ooo 0 16 oo+ 0 12 ooo 1 19 ooo 1 18 oo- 1 12 ooo 1 9 ooo 1 15 oo- 1 8 ooo 2 11 -oo 2 14 -oo 2 10 ooo 2 13 ooo 3 17 ooo 3 14 ooo 3 16 +oo 3 15 +oo 4 19 o-o 4 18 ooo 4 10 oo+ 4 8 o-o 5 17 o-o 5 12 ooo 5 13 ooo 5 9 ooo 6 14 o-o 6 16 ooo 6 11 o-o 6 15 o-o 6 16 oo+ 7 12 -oo 7 18 o+o 7 19 ooo 7 9 o+o 7 10 ooo,Lu4 Cu4 O12\n1.0\n   5.4948783605899356    0.0000000000000000    0.0000000000000000\n  -0.0362355304598229    5.5770243958623453    0.0000000000000000\n  -1.1601466805069105   -0.8306545855332873    8.5718380065461250\nLu Cu O\n4 4 12\ndirect\n   0.9574724813520534    0.0066583981746420    0.8811348956955425 Lu\n   0.4363642436368969    0.9833537061737657    0.1666748816688209 Lu\n   0.7320224610143685    0.5296513697691235    0.5116146740826537 Lu\n   0.0035572984431251    0.5575377752195486    0.2160886652700493 Lu\n   0.4767712083324452    0.6984285431460262    0.7805726020698736 Cu\n   0.9398445390906727    0.0789600637183494    0.3481804844472574 Cu\n   0.3378217231679068    0.9994117283059298    0.5790246547550311 Cu\n   0.3785811561361982    0.4932398326002915    0.9965707168870651 Cu\n   0.6182165622678745    0.7450370157922047    0.9938626757235822 O\n   0.7854662570638373    0.8108097114716687    0.6838484361652825 O\n   0.0823115437414555    0.3736225681642280    0.4301614842302307 O\n   0.6961614969677240    0.2772619329683754    0.2636686523421083 O\n   0.7895728372882650    0.3201980125503222    0.7365420968549371 O\n   0.7363161863046513    0.7890083853572553    0.3156137729651857 O\n   0.1798958886152860    0.2653488446172700    0.0738865955213932 O\n   0.2993687810978891    0.0122098609309982    0.7928847008013068 O\n   0.2276390128284783    0.9033906405026754    0.3566153994295702 O\n   0.5441768763066918    0.3013014623256040    0.6584885268814472 O\n   0.3392726380369814    0.6668830578678889    0.5743397140385903 O\n   0.1291942286683166    0.7605394624349794    0.0430796810243935 O\n,1
1.0,-2.0,Li Li Nb Nb Ag Ag O O O O O O O O 0 7 ooo 0 10 oo- 0 8 +oo 0 12 +oo 1 11 o-o 1 12 ooo 1 6 oo+ 1 11 o-o 1 9 o-o 1 9 +oo 2 13 o-- 2 13 ooo 2 7 o-o 2 10 ooo 2 8 o-o 2 9 +oo 3 9 -oo 3 8 -oo 3 6 -o+ 3 6 o++ 3 12 oo+ 3 10 ooo 4 6 ooo 4 8 o+o 4 7 ooo 4 11 o+o 5 12 --- 5 12 -o- 5 9 o-o 5 11 ooo,Li2 Nb2 Ag2 O8\n1.0\n   3.2381599033933908    0.0000000000000000    0.0000000000000000\n  -0.3361831239112286    5.3230232811666385    0.0000000000000000\n  -0.3398275887305132   -1.5398246691161817   14.0386600268919128\nLi Nb Ag O\n2 2 2 8\ndirect\n   0.1330016150258224    0.9427796866022122    0.8569344618347798 Li\n   0.1069869817710058    0.6548677035165007    0.9736435044141111 Li\n   0.7157696463394705    0.4584531184480438    0.2419681770847131 Nb\n   0.1734388288837173    0.0476634787988861    0.4052099319767187 Nb\n   0.5765779675804920    0.4690724133659908    0.8060271735195230 Ag\n   0.6918232469735225    0.1901406779786804    0.0142098165153267 Ag\n   0.2328362203474338    0.8998247352594857    0.5077614478561678 O\n   0.6988005757224971    0.2619229176713699    0.4016974560332724 O\n   0.1865674930959521    0.2548099267634235    0.2473034915613612 O\n   0.6188041459184725    0.8421532343654898    0.9419347010241874 O\n   0.0919359838320309    0.6433569705904512    0.7544909379674232 O\n   0.8485583465910862    0.7722707405381444    0.3179723320457418 O\n   0.7289122170821025    0.5278041657894808    0.1200986351958558 O\n   0.0710515146335648    0.3180979301816307    0.8781170084861318 O\n,1
1.0,-2.0,Mn Mn V V Cr Cr O O O O O O O O 0 11 oo- 0 8 oo- 0 6 ooo 0 7 oo- 0 9 ooo 1 6 ooo 1 7 ooo 1 12 ooo 1 10 ooo 1 13 ooo 2 11 ooo 2 12 o-o 2 8 o-o 2 10 ooo 3 6 ooo 3 13 ooo 3 9 ooo 3 7 ooo 4 6 o-o 4 7 ooo 4 11 ooo 4 13 o-o 4 8 ooo 4 9 ooo 5 11 -oo 5 12 -oo 5 10 ooo 5 8 ooo,Mn2 V2 Cr2 O8\n1.0\n  -5.3525256434110435    0.0000000000000000    0.0000000000000000\n   2.5331248594024678    5.4052728172429969    0.0000000000000000\n  -1.0128280945263464   -2.4725243975463886   -6.4601096612443394\nMn V Cr O\n2 2 2 8\ndirect\n   0.9309705645624650    0.1809166030284063    0.1761529370339854 Mn\n   0.3102939870653743    0.3971020601079646    0.7677586527429018 Mn\n   0.3967885775218765    0.9478843832596281    0.8606164641830192 V\n   0.7383676067270932    0.5957641660687959    0.1039418722068352 V\n   0.3249700560207760    0.7605294332647451    0.2402478254301599 Cr\n   0.8168689851333322    0.8221018367338839    0.5572263134976677 Cr\n   0.1231421233978209    0.8456696498957517    0.0701119724075974 O\n   0.3332635080932659    0.4078956879305050    0.1281233346299032 O\n   0.9334056567849511    0.5806278867307502    0.3310471804947070 O\n   0.5677634168461041    0.7742351929311144    0.9933617832097922 O\n   0.7236116329159702    0.9306866948401039    0.3577737508008336 O\n   0.4309783178060632    0.6519264358623135    0.6105652243570663 O\n   0.1679667852166887    0.0134700400892331    0.6940975979569787 O\n   0.7514763290568635    0.2307563497441864    0.9330893678793141 O\n,1
1.0,-2.0,Pr Pr Pr Pr Pr Pr Pr Pr S S S S S S S S S S S S 0 9 ooo 0 19 ooo 0 8 ooo 0 8 ooo 0 13 ooo 0 13 oo- 0 12 ooo 0 10 ooo 1 16 ooo 1 10 ooo 1 11 ooo 1 11 ooo 1 17 oo+ 1 18 ooo 1 15 ooo 1 14 ooo 2 9 -oo 2 15 -o+ 2 17 -oo 2 19 ooo 2 14 ooo 2 8 o+o 3 18 ooo 3 14 ooo 3 18 o+o 3 12 ++o 3 16 o+o 3 15 ooo 4 12 --o 4 16 --o 4 10 ooo 4 18 -oo 4 9 ooo 4 12 ooo 4 14 ooo 4 8 ooo 5 15 o-o 5 13 oo- 5 11 ooo 5 17 o-o 5 13 ooo 5 9 o-o 5 19 oo- 5 14 ooo 6 12 --- 6 17 --o 6 10 oo- 6 13 oo- 6 8 ooo 6 15 oo- 7 10 --o 7 16 --o 7 11 -oo 7 14 o-o 7 9 ooo 7 18 ooo,Pr8 S12\n1.0\n   3.9687947027645123    0.0000000000000000    0.0000000000000000\n   0.8932105704904911    7.3475755242539771    0.0000000000000000\n   0.8519160191207876    1.4906642107528316   17.5269456367024929\nPr S\n8 12\ndirect\n   0.1051198839100138    0.9074677391295709    0.0470749707107348 Pr\n   0.7551304043568511    0.4540502346831594    0.9957803372410620 Pr\n   0.6700652863912624    0.4514868521907529    0.0524993088347709 Pr\n   0.3099871542517051    0.7775806143107573    0.4972957182396708 Pr\n   0.5551675951586796    0.2564932697863176    0.5667244172249842 Pr\n   0.2554526456159817    0.0062721514471649    0.0243071872098269 Pr\n   0.7072686051290038    0.7939937078136873    0.7431026866490597 Pr\n   0.1304101719595959    0.5529880150444160    0.2214057107803143 Pr\n   0.6917793510635554    0.8117401544933794    0.9248260615895731 S\n   0.2059270760755658    0.0915152773000352    0.8382964477229774 S\n   0.6757682744139120    0.1583849974483580    0.8693119643048781 S\n   0.7548234959569057    0.0225389732723150    0.4485135680747194 S\n   0.0566029434569814    0.4427427226198131    0.4677695728875613 S\n   0.5765440823857189    0.8188126591072546    0.1725986999381204 S\n   0.9620184756139447    0.6384389661357022    0.3700825902097340 S\n   0.5681028305608133    0.5636808616796632    0.6331556782913982 S\n   0.7386905527080422    0.2562155744142485    0.2698277466519597 S\n   0.2327592936319578    0.6375838458462009    0.8294773483854367 S\n   0.0662800060969567    0.1721157991935339    0.1885643817150208 S\n   0.1375027222517027    0.0156100845193687    0.6447781512430262 S\n,1
1.0,-2.0,Li Li Li Li Li Ti Ti Ti S S S S S S S S 0 13 -o- 0 9 -oo 0 11 -oo 0 14 ooo 0 8 ooo 0 12 oo- 1 8 ooo 1 14 o-o 1 15 ooo 1 13 o-o 1 10 oo- 1 9 ooo 2 13 --o 2 11 --o 2 15 -oo 2 10 o-o 2 14 ooo 3 8 o-o 3 9 oo- 3 12 ooo 3 11 o-- 3 10 o-o 4 10 oo- 4 12 ooo 4 15 oo- 4 14 ooo 4 9 oo- 4 8 ooo 5 15 ooo 5 12 ooo 5 9 ooo 5 11 ooo 5 13 ooo 5 14 ooo 6 14 -o- 6 10 -oo 6 8 oo- 6 15 ooo 7 13 o-o 7 11 ooo 7 9 o-o 7 12 ooo,Li5 Ti3 S8\n1.0\n   6.5131423459350035    0.0000000000000000    0.0000000000000000\n   3.0149796188465698    6.2252547427655998    0.0000000000000000\n   2.2814508526730126    1.9237592201674827    8.5001925287068758\nLi Ti S\n5 3 8\ndirect\n   0.7463097051833353    0.1808836774582114    0.1853944542566779 Li\n   0.8175126319921426    0.5672700586193693    0.9557313723718365 Li\n   0.2849562248691657    0.7130301462751043    0.4520521505956210 Li\n   0.4011255543062054    0.2828677603581569    0.8263620227041538 Li\n   0.2324328976277612    0.9662994198792570    0.1531957864227387 Li\n   0.6253405595237096    0.0253630709316867    0.5055362634561462 Ti\n   0.1820247743803313    0.9952962157017731    0.7633473560142574 Ti\n   0.2565000723671219    0.5121649044309194    0.2062330204010432 Ti\n   0.4014706748261034    0.1278621236318800    0.2701284620650979 S\n   0.5595616753336498    0.8963052550519705    0.7859729750412294 S\n   0.2970793220343554    0.3091558234063636    0.5771500245986187 S\n   0.9901986726096272    0.1978805888173037    0.9453360665328344 S\n   0.2015658875887207    0.6160954547786576    0.9498044240890798 S\n   0.5436823643316814    0.6229706749790809    0.1897679883165970 S\n   0.9604867261712300    0.9595653555054313    0.6109876667384191 S\n   0.9368378509008283    0.7750023410898236    0.3403416118607823 S\n,1
1.0,-2.0,Na Na Gd Gd Br Br Br Br Br Br Br Br 0 9 --o 0 6 ooo 0 7 -oo 0 7 -oo 0 4 o+o 0 4 ooo 0 5 ooo 0 5 oo+ 1 8 ooo 1 8 o+o 1 6 ooo 1 10 ooo 1 10 ooo 1 7 oo- 1 9 ooo 1 5 o-o 2 11 --o 2 5 ooo 2 10 ooo 2 7 -oo 2 4 -o+ 2 6 o-o 2 11 o-+ 2 9 oo+ 3 4 --- 3 11 --o 3 5 -oo 3 5 ooo 3 8 o-o 3 6 ooo,Na2 Gd2 Br8\n1.0\n   7.8441977705137962    0.0000000000000000    0.0000000000000000\n   3.2049925931191732    7.5392634035866877    0.0000000000000000\n   0.9241245667301241    0.2505811273704863    8.1414870813117464\nNa Gd Br\n2 2 8\ndirect\n   0.2980564401286450    0.8997463101134673    0.0672250714279197 Na\n   0.2782280780866909    0.3284235624745478    0.7479522536141862 Na\n   0.6488352684436866    0.6441177479466854    0.5320705829062520 Gd\n   0.0133097352868737    0.0269832565101354    0.6138969119476951 Gd\n   0.9953293953565118    0.1807544026423002    0.9151977346144823 Br\n   0.6249198172851147    0.6516091036006029    0.2030590356777051 Br\n   0.3942218643441970    0.0066410103385154    0.5261999210341644 Br\n   0.6443355189586668    0.2870016869087959    0.5424669587743796 Br\n   0.0266471225968948    0.3950818471983645    0.4905591928301746 Br\n   0.3297196179490883    0.6709159355873049    0.7775027209621973 Br\n   0.8152251098980597    0.7992020387588663    0.7446651370610236 Br\n   0.1217212376999443    0.8034822294151344    0.3488461509754195 Br\n,1
1.0,-2.0,Sm Sm Sm Sm Sm Sm Cu Cu S S S S S S S S S S 0 9 oo- 0 11 ooo 0 17 +oo 0 8 o+o 0 10 +oo 0 16 ++o 0 15 oo- 0 14 ooo 1 16 o-o 1 14 -oo 1 8 oo+ 1 8 -oo 1 10 o-o 1 17 ooo 1 9 oo+ 1 12 ooo 2 17 ooo 2 15 o+o 2 17 +oo 2 6 ooo 2 11 o+o 2 10 +oo 2 13 ooo 2 16 oo- 2 14 ooo 3 16 ooo 3 15 o+o 3 15 +oo 3 11 ooo 3 9 ooo 3 12 +oo 3 13 +oo 4 13 ooo 4 16 ooo 4 14 ooo 4 8 ooo 4 7 ooo 4 6 ooo 5 7 o-o 5 6 -oo 5 9 o-o 5 12 -oo 5 8 ooo 5 17 ooo 6 11 ooo 6 13 ooo 6 10 o-o 6 17 o-o 6 11 -oo 7 12 o-o 7 16 -oo 7 15 oo- 7 14 ooo 7 15 oo-,Sm6 Cu2 S10\n1.0\n  -7.3330019535942519    0.0000000000000000    0.0000000000000000\n  -0.0206566278456552   -8.4407840386417892    0.0000000000000000\n   0.1612544478113132    3.2617282267760337    8.1120787812320447\nSm Cu S\n6 2 10\ndirect\n   0.7190830582425419    0.9926828887259438    0.0681787004938226 Sm\n   0.7948470829622907    0.4814958475733141    0.7643055064327304 Sm\n   0.3044217578807873    0.0022214560258108    0.7957203702079131 Sm\n   0.0295218992752675    0.6698953687295599    0.3685029900388166 Sm\n   0.2921216734524501    0.5601532894631709    0.8272645188193484 Sm\n   0.1582488305791970    0.1305946144777206    0.4003091425194346 Sm\n   0.5910682413914606    0.2949645367560361    0.9548452951481957 Cu\n   0.5232838236084117    0.3311068709020644    0.3293282884537461 Cu\n   0.0496582479797090    0.4377779278217668    0.0059584739422387 S\n   0.3703863508531221    0.0524643902928940    0.1336700760140923 S\n   0.4883389401268123    0.2513542297810214    0.7145484099029666 S\n   0.2608194135846775    0.4481132914240340    0.4734554385662608 S\n   0.3623282996436877    0.9162161889450808    0.4770153372924317 S\n   0.7552365192686943    0.8062892020348982    0.2380229072974536 S\n   0.0171679275249059    0.7803369120727048    0.8256889094424775 S\n   0.7890584399087355    0.4486183807062089    0.4400207329864017 S\n   0.2883770690703860    0.6001354334945379    0.1400697189806761 S\n   0.5665271861222039    0.7530138212791745    0.7968689268128074 S\n,1
1.0,-2.0,Y Y Y Y Y Y Sc Sc Se Se Se Se Se Se Se Se Se Se Se Se 0 12 oo- 0 8 oo- 0 15 ooo 0 9 ooo 0 16 ooo 0 11 ooo 1 10 -oo 1 9 ooo 1 14 ooo 1 18 ooo 1 19 ooo 1 8 ooo 2 14 -oo 2 10 -oo 2 16 ooo 2 13 ooo 3 18 ooo 3 17 ooo 3 15 o-o 3 11 o-o 4 12 --o 4 8 -o- 4 10 -oo 4 13 o-- 4 15 o-o 4 16 oo- 5 17 --o 5 9 -oo 5 12 -oo 5 8 o-o 6 10 o-o 6 12 o-o 6 18 ooo 6 14 ooo 7 9 ooo 7 13 ooo 7 11 ooo 7 19 ooo,Y6 Sc2 Se12\n1.0\n   7.3789507328932551    0.0000000000000000    0.0000000000000000\n   3.1976544854589908    7.7282698464570663    0.0000000000000000\n   3.5616082058901628    0.8283067892928089   12.8316788149814052\nY Sc Se\n6 2 12\ndirect\n   0.8255762947365815    0.9641499381409251    0.8608703099050250 Y\n   0.1291336663995543    0.1805286223338426    0.3426762305456474 Y\n   0.8935956301835594    0.5907427073183490    0.6765543559748485 Y\n   0.1110473759522930    0.7931347389260697    0.1649285271420172 Y\n   0.3817049091757827    0.1863527864026403    0.6647679856168606 Y\n   0.0287808553067226    0.3891534886756339    0.9605766474563771 Y\n   0.4526721583756520    0.2836105644575611    0.0634861593282094 Sc\n   0.3836231458600670    0.5287399513133209    0.4389654344949250 Sc\n   0.7307175163648538    0.3285609844174988    0.3860334335697027 Se\n   0.2169837943016940    0.6080325279962042    0.9914917668380101 Se\n   0.7563730009065603    0.6676162012186415    0.8824358967014603 Se\n   0.2906456982876092    0.4455986628411445    0.2368723294066654 Se\n   0.7784610950866366    0.9479699696488614    0.6509231801360765 Se\n   0.4299292087303240    0.2003870736515243    0.8729681927264387 Se\n   0.3079803100348180    0.5447270622091801    0.6447515326777622 Se\n   0.9987166023028441    0.2379924887842665    0.7859784180684043 Se\n   0.1277119077968210    0.3460898684341589    0.5125188114105146 Se\n   0.7597812796016116    0.0105975370764478    0.0769561238105756 Se\n   0.2900483039758540    0.8218783616318487    0.3304956319909513 Se\n   0.1524040665918529    0.1398735948874924    0.1282542496808473 Se\n,1
1.0,-2.0,Tb Tl Se 0 1 --- 0 1 --o 0 1 -o- 0 1 -oo 0 1 o-- 0 1 o-o 0 2 oo- 0 2 ooo 0 2 -oo 0 2 o-o 0 2 oo- 1 2 ooo 1 2 oo+ 1 2 o+o,Tb1 Tl1 Se1\n1.0\n   4.0745935012589705    0.0000000000000000    0.0000000000000000\n   0.9693637443939922    4.5441482542588494    0.0000000000000000\n   1.3457997248808182    1.9603213256842382    4.4097508669176824\nTb Tl Se\n1 1 1\ndirect\n   0.0165799360667058    0.0147880113239848    0.9869943890303884 Tb\n   0.5573942827263317    0.6336810357245601    0.6331831360068080 Tl\n   0.2529226151948156    0.3006764777718159    0.2996396332497823 Se\n,1
1.0,-2.0,Ba Ba Zr Zr Cu Cu S S S S S S 0 11 ooo 0 11 ooo 0 7 +oo 0 7 ooo 0 5 ooo 0 5 +oo 0 9 o-o 0 9 +oo 0 10 o-o 0 8 ooo 0 6 o-o 0 4 ooo 1 11 -oo 1 6 o+o 1 9 -oo 1 9 o+o 1 5 -oo 1 5 o+o 1 10 ooo 1 4 ooo 1 4 ++o 1 6 ooo 1 8 ooo 1 8 oo+ 2 7 o-o 2 7 +oo 2 4 ooo 2 4 ooo 2 11 o-o 2 11 +oo 2 5 oo- 2 10 ooo 3 8 -oo 3 8 o+o 3 8 -o+ 3 6 ooo 3 11 -oo 3 10 o+o 3 10 ooo 3 9 ooo 4 11 -oo 4 11 o+o 4 6 oo+ 5 6 oo+ 5 7 ++o 5 7 ooo,Ba2 Zr2 Cu2 S6\n1.0\n   5.0928369527771649    0.0000000000000000    0.0000000000000000\n  -1.3500856804706109    7.7235994161483612    0.0000000000000000\n  -1.9907008517463221   -1.8907203400744064    8.1455415327928034\nBa Zr Cu S\n2 2 2 6\ndirect\n   0.6244393267248620    0.0741621833044729    0.1813246390455887 Ba\n   0.7018451279674751    0.6070486905988350    0.6364160890181567 Ba\n   0.0443277980972804    0.2486684285834894    0.8477846905491361 Zr\n   0.6002693779300704    0.5237024140149041    0.0831449402739772 Zr\n   0.9457858070368514    0.9884952704435124    0.5486742730965767 Cu\n   0.0976830918054436    0.6854634895634113    0.0411041943787775 Cu\n   0.1632690645642940    0.4467816753747194    0.1742716758951210 S\n   0.9063211083550166    0.2598203174185986    0.5529345811168587 S\n   0.7446698573951246    0.7655469659799028    0.3329385224734822 S\n   0.5477680174375493    0.2385811337330465    0.8678372214365481 S\n   0.3033886546062414    0.6043736678040884    0.8495579970541571 S\n   0.9943377135880768    0.9540645145661805    0.9543770050047544 S\n,1
1.0,-2.0,Li Li Li Li Li Li Mn Mn Mn Co O O O O O O O O O O 0 15 oo+ 0 16 -oo 0 16 o+o 0 14 ooo 0 10 o+o 0 19 ooo 0 18 o+o 0 13 ooo 1 17 oo+ 1 17 ooo 1 14 ooo 1 15 +oo 1 13 ooo 1 11 +oo 1 12 +oo 1 18 ooo 2 17 ooo 2 13 ooo 2 15 ooo 2 19 ooo 2 12 ooo 2 16 ooo 2 16 ooo 3 11 ooo 3 17 ooo 3 19 o-o 3 15 ooo 3 14 ooo 4 17 ooo 4 18 o+o 4 16 o+o 4 14 ooo 4 18 o+o 5 13 ooo 5 16 ooo 5 10 +oo 5 10 +o- 5 15 +oo 6 17 o-o 6 14 o-o 6 16 +oo 6 11 +oo 6 16 +o- 6 18 oo- 7 13 -oo 7 12 -oo 7 13 -o+ 7 19 o+o 7 15 ooo 7 10 ooo 8 17 ooo 8 19 o+o 8 18 ooo 8 15 -+o 8 11 oo+ 8 16 +oo 9 19 o-- 9 18 -o+ 9 12 -+o 9 14 ooo 9 12 o+o 9 13 o++ 10 17 -++ 9 13 -+o 10 15 oo+ 10 15 o+o 10 15 o++ 10 16 -oo 10 13 oo+ 10 15 +oo 11 16 ooo 11 14 +-o 11 16 +-o 11 17 +oo 11 14 +-o 11 12 +-o,Li6 Mn3 Co1 O10\n1.0\n   5.3835756640003032    0.0000000000000000    0.0000000000000000\n  -0.7999006764710785    5.6284604769243574    0.0000000000000000\n  -0.4186359230880415   -1.8454365702988385    7.6199691250948156\nLi Mn Co O\n6 3 1 10\ndirect\n   0.0408321476792412    0.0135632138789174    0.7171185046988757 Li\n   0.0237040331667515    0.6762326244486681    0.2598675870713505 Li\n   0.5699058456358141    0.8360241852782769    0.6899364718337797 Li\n   0.8776856096197307    0.5337182922830587    0.5438206087148596 Li\n   0.5708731414072917    0.2622935181981764    0.8263964316309684 Li\n   0.1835507334447036    0.5686512770319069    0.8239705356653111 Li\n   0.3068989508742745    0.3018321703071660    0.4418738919202793 Mn\n   0.7891057382515478    0.0899951694904488    0.4111124682956724 Mn\n   0.0956153102412152    0.1562771300461505    0.0801104278851336 Mn\n   0.5555781880534603    0.9054486401489446    0.0295032597038080 Co\n   0.1054234273964332    0.2923115000395317    0.6238390984727910 O\n   0.0061909548412614    0.3735224665781089    0.3278963019050171 O\n   0.7922784709149472    0.8258987415409726    0.5190911480253559 O\n   0.4657271046352632    0.5465224386615911    0.9949876720510060 O\n   0.6050179244585543    0.2953282482596873    0.5749365958614329 O\n   0.4038715457772526    0.1114669387628939    0.2170066399556194 O\n   0.8642192066532149    0.9081040921106189    0.1831148671806985 O\n   0.1978972592880857    0.4908258486160852    0.0384330679482524 O\n   0.3196684012037886    0.9188032508067743    0.8480160407502955 O\n   0.8175453065611362    0.0910494018288380    0.9121125453925681 O\n,1
1.0,-2.0,Na Ca Ca Ca Sn Sn Sn Sn O O O O O O O O O O O O 0 12 ooo 0 16 oo+ 0 15 ooo 0 9 oo+ 0 16 ooo 0 13 ooo 1 19 ooo 1 9 o+o 1 11 ooo 1 17 o+o 1 18 ooo 1 12 oo- 2 15 oo- 2 8 -oo 2 17 -oo 2 14 oo- 2 18 oo- 2 10 ooo 3 15 ooo 3 14 ooo 3 11 o-o 3 10 o-o 3 14 ooo 3 16 ooo 4 10 -oo 4 11 -oo 4 18 ooo 4 9 ooo 4 15 ooo 4 17 ooo 5 10 oo- 5 15 ooo 5 9 o+- 5 16 +oo 5 8 ooo 5 13 o+o 6 12 ooo 6 18 ooo 6 10 ooo 6 15 ooo 6 13 ooo 6 8 oo- 6 17 oo- 6 19 ooo 7 16 ooo 7 12 ooo 7 12 oo- 7 16 ooo 7 14 +oo 7 18 ooo 7 19 ooo 7 11 ooo,Na1 Ca3 Sn4 O12\n1.0\n   3.4398796861695931    0.0000000000000000    0.0000000000000000\n  -0.2826172658382882    9.4314740427929582    0.0000000000000000\n  -0.8233683120622372   -2.1276501489956292   10.9494372710803010\nNa Ca Sn O\n1 3 4 12\ndirect\n   0.9490284070716182    0.0159282320882915    0.9804848948957936 Na\n   0.4233638885944718    0.8415034780628793    0.6122543581380310 Ca\n   0.4613521430013031    0.3462843924683578    0.2367961078239844 Ca\n   0.5708958500796394    0.0054776875880343    0.3141203515900677 Ca\n   0.0678862935645678    0.3166213392461491    0.4886864583450806 Sn\n   0.8367740313412330    0.5916692054282054    0.7954237207364946 Sn\n   0.9690880327176108    0.6628239000846062    0.3128695987972054 Sn\n   0.4678666973359086    0.7649360242642069    0.0864570754094088 Sn\n   0.4727281952679181    0.5816809924436995    0.1748067795781587 O\n   0.4888659770297901    0.7550074827409515    0.4084917379399778 O\n   0.8982598052506610    0.1177941035714800    0.5159155291156297 O\n   0.3419863152002081    0.4964891519681564    0.8255018708661092 O\n   0.9240531019728729    0.9946304036422082    0.5826455646316991 O\n   0.9287973067375249    0.7387221580915474    0.6965754635356459 O\n   0.9954157739053802    0.4624499698842446    0.3476292452826559 O\n   0.4754393874489237    0.9798161016233474    0.0975049206069499 O\n   0.5862399472266326    0.4073553737697563    0.5598306987779216 O\n   0.0127574921749977    0.8261853225706380    0.2190958788804575 O\n   0.0814202613620170    0.1891056678450004    0.3139120262438848 O\n   0.9329126801552265    0.7209134972113229    0.9721824008496918 O\n,1
1.0,-2.0,Sr Sr Tb Tb Tb Cu Se Se Se Se Se Se 0 6 -oo 0 9 ooo 0 7 -oo 0 10 ooo 0 11 ooo 0 8 o+o 1 9 --- 1 10 oo- 1 11 -oo 1 7 o-- 1 8 o-o 1 6 ooo 2 8 oo- 2 9 +o- 2 10 ooo 2 7 ooo 3 6 oo- 3 11 oo- 3 10 ooo 3 9 ooo 4 7 ooo 4 11 ooo 4 6 ooo 4 10 +oo 4 11 ooo 5 6 --- 5 7 -oo 5 7 o-o 5 6 ooo 5 11 ooo,Sr2 Tb3 Cu1 Se6\n1.0\n   5.7148532928242659    0.0000000000000000    0.0000000000000000\n   1.9033396109559253    8.1410790193833638    0.0000000000000000\n   2.6052011725785689    0.3449494623622155   10.8771001059997978\nSr Tb Cu Se\n2 3 1 6\ndirect\n   0.9561454673162666    0.4499566261088339    0.2868546464009389 Sr\n   0.0693741705054012    0.2962793253323186    0.6613384624261983 Sr\n   0.6458809715091329    0.0157107275113100    0.4426262916046277 Tb\n   0.2830341945502046    0.7024140868208801    0.4751030585332626 Tb\n   0.5709574423794463    0.7250555874456058    0.7795106119991291 Tb\n   0.5961549820310477    0.4276717491803084    0.5558543821768842 Cu\n   0.5112098991107706    0.0497468694129604    0.7131877587474265 Se\n   0.1077893387809317    0.0458101987530015    0.4618868924703591 Se\n   0.7850651933821385    0.6511132208143505    0.5357730472088333 Se\n   0.6291833696885016    0.7932809910116085    0.2647901956321101 Se\n   0.4301019642466453    0.3607843002407695    0.3964237092643739 Se\n   0.1202272658296430    0.6487248464568981    0.7533426906470263 Se\n,1
1.0,-2.0,K K Mn Cl Cl Cl Cl Cl Cl 0 6 ooo 0 6 o+o 0 5 oo+ 0 5 o+o 0 8 ooo 0 7 +oo 0 4 o+o 0 4 +oo 0 3 oo+ 0 3 +oo 0 8 ooo 0 8 oo+ 1 3 oo- 1 4 ooo 1 5 o-o 1 5 ooo 1 6 -oo 1 6 ooo 1 7 o-o 1 7 oo- 1 3 -oo 1 8 oo- 1 3 -oo 1 4 o-o 2 4 --o 2 8 -o- 2 3 -oo 2 5 o-- 2 7 o-o 2 6 oo-,K2 Mn1 Cl6\n1.0\n   5.0766011527739536    0.0000000000000000    0.0000000000000000\n   1.4639846168478459    7.4566138902488435    0.0000000000000000\n   0.2374123800461475    0.3521686693190803    8.4376805775023165\nK Mn Cl\n2 1 6\ndirect\n   0.0369684572720119    0.9387758270729837    0.9766354273282254 K\n   0.4576235216582761    0.4725645535335016    0.7174377348336699 K\n   0.2028776212785905    0.3615112291667105    0.2008214549536723 Mn\n   0.3703404387980485    0.6078728028587674    0.2020162857437635 Cl\n   0.8767839939449981    0.7302083236861516    0.6895010421212857 Cl\n   0.0009547465637769    0.3645383373907459    0.9712790760924825 Cl\n   0.5038404703461808    0.0387613944158433    0.7647356160917539 Cl\n   0.9502110475196353    0.3406261838685456    0.4106205598567127 Cl\n   0.5112727768897085    0.1156185170476689    0.2016294414237898 Cl\n,1
1.0,-2.0,Mn Mn Mn Fe Te O O O O O O O O 0 5 ooo 0 12 ooo 0 12 ooo 0 8 +oo 0 9 o+o 1 6 -oo 1 10 ooo 1 7 ooo 1 11 oo+ 1 5 ooo 2 5 ooo 2 6 oo- 2 10 o+o 2 11 o+o 3 12 o-- 3 12 -oo 3 5 ooo 3 9 ooo 3 7 ooo 4 6 ooo 4 8 o+o 4 7 o+o 4 5 +oo 4 5 o+o,Mn3 Fe1 Te1 O8\n1.0\n   5.6075865227159598    0.0000000000000000    0.0000000000000000\n  -1.9198489043421048    5.6398917083497384    0.0000000000000000\n  -1.5379329000132185   -1.2972749717449055    7.7332606469369196\nMn Fe Te O\n3 1 1 8\ndirect\n   0.8020509846186785    0.2390297226821046    0.9125947824556980 Mn\n   0.8386030147423829    0.0841292280657216    0.3430711260831909 Mn\n   0.7956606233466940    0.5170358444976174    0.5465667356353787 Mn\n   0.3225047296567876    0.4405757915213451    0.7403380101136351 Fe\n   0.3609034593128201    0.3052541833869598    0.1554899711030295 Te\n   0.5397113068050367    0.2125097534787100    0.3684904747744531 O\n   0.6603611585953812    0.4518346521434015    0.7537243340845184 O\n   0.6527788697706045    0.7517899677239059    0.4592166451912127 O\n   0.8596534776599558    0.7278305954444938    0.3750435580248050 O\n   0.0054140465915781    0.1055127580389892    0.1310937283070961 O\n   0.0739477366842936    0.3791149004475036    0.5374587937949921 O\n   0.4705584226585574    0.1165700616738115    0.0045552068561766 O\n   0.1831929318758390    0.4380296593663417    0.9299012295706923 O\n,1
1.0,-2.0,Li Li Cr O O O 0 5 -o- 0 5 oo- 0 5 oo- 0 3 ooo 0 3 oo- 0 4 o-o 0 4 ooo 1 4 oo- 1 4 ++o 1 3 +o- 1 3 ooo 1 3 ooo 2 5 -oo 2 5 ooo 2 5 o+o,Li2 Cr1 O3\n1.0\n   2.8889391064379790    0.0000000000000000    0.0000000000000000\n  -0.0093366377586153    3.9692649234843080    0.0000000000000000\n  -1.3477493900955224   -1.9592115505913281    4.5283337899572293\nLi Cr O\n2 1 3\ndirect\n   0.6458982426040828    0.9617285860029907    0.8072921744363867 Li\n   0.3296086024367990    0.6202994829473724    0.1193833758931738 Li\n   0.9994437373719004    0.2745672055100892    0.4612459855218740 Cr\n   0.9891179682044549    0.8048161338716645    0.4685636732135275 O\n   0.6577119702828679    0.4367573516037671    0.7495485261070688 O\n   0.3416966392364915    0.1513793276489165    0.1718162093362874 O\n,1
1.0,-2.0,Cs Cs Fe Sb Cl Cl Cl Cl Cl Cl 0 8 ooo 0 8 o+o 0 4 oo+ 0 4 o+o 0 6 ooo 0 6 +oo 0 5 o+o 0 5 +oo 0 7 oo+ 0 7 +oo 0 9 ooo 0 9 oo+ 1 5 oo- 1 5 ooo 1 7 o-o 1 7 ooo 1 4 -oo 1 4 ooo 1 6 o-o 1 6 oo- 1 8 -oo 1 8 oo- 1 9 -oo 1 9 o-o 2 5 ooo 2 7 ooo 2 6 ooo 2 4 ooo 2 8 ooo 2 9 ooo 3 9 --o 3 8 -o- 3 4 -oo 3 6 o-- 3 7 o-o 3 5 oo-,Cs2 Fe1 Sb1 Cl6\n1.0\n   5.3360641940459974    5.3361026268517362    0.0000000000000000\n   5.3360641940459974   -5.3361026268517362    0.0000000000000000\n   0.0000000000000000   -5.3311573920318320   -5.3361412962507959\nCs Fe Sb Cl\n2 1 1 6\ndirect\n   0.0000201480079987    0.4987767923459783    0.0000013949212669 Cs\n   0.5012232076540217    0.9999798519920015    0.0000013949212669 Cs\n   0.2525955657032057    0.7474044342967942    0.4995944266858272 Fe\n   0.7531323344842447    0.2468676655157553    0.5004741192284281 Sb\n   0.4882908799891685    0.5117091200108314    0.9759988587149838 Cl\n   0.4901426155804520    0.5098573844195480    0.4990222433238991 Cl\n   0.0134260709835121    0.9865739290164878    0.0243255143065064 Cl\n   0.0128554786230297    0.5113042155707685    0.4999982234051898 Cl\n   0.4886957844292317    0.9871445213769703    0.4999982234051898 Cl\n   0.0152833637186243    0.9847166362813757    0.5009730523855993 Cl\n,1
1.0,-2.0,Li Li Li Li Mn Mn Cr Co O O O O O O O O 0 12 ooo 0 14 ooo 0 8 +oo 0 15 +o- 0 13 ooo 0 9 +oo 1 10 ooo 1 9 ooo 1 12 ooo 1 13 ooo 1 8 +oo 1 11 oo+ 2 14 o-o 2 11 ooo 2 9 ooo 2 12 oo- 2 14 ooo 2 10 ooo 3 11 oo- 3 11 ooo 3 10 -oo 3 10 -oo 3 13 ooo 3 15 ooo 4 15 -oo 4 9 -oo 4 14 ooo 4 8 ooo 4 13 ooo 4 12 ooo 5 15 ooo 5 12 +oo 5 13 ooo 5 8 +oo 5 14 oo+ 5 9 ooo 6 11 --o 6 12 -oo 6 14 -o+ 6 14 oo+ 6 8 ooo 6 15 ooo 7 9 o-o 7 15 o-+ 7 13 oo+ 7 11 o-+ 7 10 o-+ 7 9 oo+,Li4 Mn2 Cr1 Co1 O8\n1.0\n   3.1037373229088363    0.0000000000000000    0.0000000000000000\n  -1.3294398401039014    6.1321495811527695    0.0000000000000000\n  -0.2166431199117196   -0.1254438706479420    9.5306230961143612\nLi Mn Cr Co O\n4 2 1 1 8\ndirect\n   0.9095596127456553    0.0496929938558248    0.1913821625730414 Li\n   0.2989171780109671    0.7481043640923918    0.3799635856727582 Li\n   0.2175917134066940    0.5467845852678543    0.1547953102771778 Li\n   0.7766641529857303    0.7618403339760920    0.9185379498426867 Li\n   0.1365192009675570    0.5294526835975857    0.6992353709070560 Mn\n   0.3868022812406829    0.0141485071187099    0.6678238442774531 Mn\n   0.6322965472835739    0.3682777107439320    0.3702254296580262 Cr\n   0.5979851111939085    0.3609734798624128    0.9615129448473645 Co\n   0.1787159748174235    0.4465466362666313    0.4865964693204078 O\n   0.5378633647714316    0.3068961160257759    0.7638561118645806 O\n   0.8250359150606048    0.8047262644850297    0.7245573483577801 O\n   0.4548674791919730    0.2467835046735538    0.1328445590361059 O\n   0.6521511935125325    0.0053586906960377    0.4816127994030546 O\n   0.1874977709227688    0.5798195872692121    0.9508532398326334 O\n   0.7556284129212230    0.6346038510056944    0.2713322889985268 O\n   0.4856577931237145    0.0541812299019175    0.3431125002791371 O\n,1
1.0,-2.0,Li Li Mn Mn O O O O 0 6 --o 0 5 -oo 0 7 o-o 0 7 ooo 1 6 ooo 1 6 +oo 1 4 o+o 1 4 ++o 2 7 ooo 2 7 -oo 2 5 oo- 2 5 ooo 3 4 ooo 3 6 +oo 3 7 ooo 3 5 +oo,Li2 Mn2 O4\n1.0\n   3.2625295383867181    0.0000000000000000    0.0000000000000000\n  -0.5679811273690790    5.5125361463303433    0.0000000000000000\n  -1.5566174373897312   -1.2872411426541657    5.8063423720870890\nLi Mn O\n2 2 4\ndirect\n   0.5977421395700901    0.9451547544198297    0.8666252852988110 Li\n   0.1390313496844890    0.6948333842905960    0.0773964479610803 Li\n   0.0123732305710513    0.1972543707060497    0.4165867918181041 Mn\n   0.7835923324297157    0.7395758935741148    0.4811248687882516 Mn\n   0.1768392703195967    0.5185935611807704    0.3666846830660622 O\n   0.7641860474947043    0.8887558979855941    0.2060742660547583 O\n   0.0237438027225176    0.7625575546995356    0.7871592943835365 O\n   0.5987331261839778    0.0952274796787092    0.5718355723895630 O\n,1
1.0,-2.0,Tm N 0 1 -oo 0 1 o-o 0 1 oo- 0 1 ooo,Tm1 N1\n1.0\n  -0.0000000000000002    2.5912829505218515    2.5912829505218515\n   2.5912829505218515    0.0000000000000000    2.5912829505218515\n   2.5912829505218515    2.5912829505218515    0.0000000000000003\nTm N\n1 1\ndirect\n   0.0000000000000000    0.0000000000000000    0.0000000000000000 Tm\n   0.7499999999999999    0.7500000000000000    0.7500000000000001 N\n,1
1.0,-2.0,Cr Cr P P Te Te O O O O O O O O O O O O 0 8 oo- 0 10 o-o 0 17 -oo 0 11 -oo 0 14 o-o 0 12 ooo 1 13 --- 1 15 --o 1 9 -oo 1 16 o-- 1 8 oo- 1 6 ooo 2 10 ooo 2 15 ooo 2 11 ooo 2 16 ooo 3 9 ooo 3 10 ooo 3 7 ooo 3 12 ooo 4 15 ooo 4 8 ooo 4 13 ooo 4 6 ooo 5 16 --o 5 17 -oo 5 9 o-o 5 7 ooo,Cr2 Te2 P2 O12\n1.0\n   5.1054109796770613    0.0000000000000000    0.0000000000000000\n   1.5998883978327307    7.2120370198066626    0.0000000000000000\n   1.6918260243812537    2.8754055456301355    6.9976090364350103\nCr Te P O\n2 2 2 12\ndirect\n   0.0715648761132051    0.1186331486488545    0.8850132225504366 Cr\n   0.8360391590851965    0.5862172122891463    0.4420993415759643 Cr\n   0.1403613178413898    0.5975536066181716    0.7274654714883381 Te\n   0.6383454400947013    0.0047650377004915    0.6416652746156505 Te\n   0.4216017318793788    0.6317268491817479    0.1516612299792526 P\n   0.7564443838380213    0.2563599882449291    0.1423078934884358 P\n   0.0586556434043934    0.2790563049020651    0.0586161518950159 O\n   0.4310549738813451    0.1928430032120977    0.7401205183659697 O\n   0.4805680386131964    0.6269934982672019    0.5826276950381455 O\n   0.5690364754549140    0.4684619584523340    0.0495655645277776 O\n   0.6982249513071167    0.2123967594278967    0.3592557247818563 O\n   0.9553426834337782    0.7804408259343819    0.5106075688145115 O\n   0.7034812630994403    0.1039586698445414    0.0725377031388729 O\n   0.9698635461525056    0.0068128786112307    0.7143965501887728 O\n   0.9702513125212954    0.4023385554324476    0.6934879359348691 O\n   0.2013757516299143    0.5293441985157555    0.3060569308613211 O\n   0.6605043957456246    0.6664385609484339    0.2169246690215332 O\n   0.3121118956444073    0.8200861476903112    0.9912233358354852 O\n,1
1.0,-2.0,Li Li Mn Mn Mn Mn Mn Mn O O O O O O O O O O O O 0 17 -o- 0 11 -oo 0 14 ooo 0 16 o+- 1 18 o-o 1 15 o-o 1 8 ooo 1 13 ooo 2 8 ooo 2 19 ooo 2 12 ooo 2 11 ooo 3 10 -oo 3 18 -+o 3 13 ooo 3 9 ooo 4 15 ooo 4 14 ooo 4 16 oo+ 4 15 ooo 4 19 ooo 4 9 ooo 5 10 ooo 5 16 oo- 5 9 ooo 5 11 ooo 6 18 ooo 6 17 ooo 6 14 ooo 6 13 ooo 6 12 ooo 6 10 ooo 7 8 -oo 7 9 -+- 7 15 -+o 7 12 -+o 7 19 ooo 7 13 o+o,Li2 Mn6 O12\n1.0\n   5.8690390423919236    0.0000000000000000    0.0000000000000000\n   1.7565857022045468    6.0375390744399562    0.0000000000000000\n   1.2126669734348545    2.6571252342663474    7.5195505941791341\nLi Mn O\n2 6 12\ndirect\n   0.0394587330283438    0.8411882518503001    0.0665703887382621 Li\n   0.5690918618804686    0.7319110307662513    0.0649319627658928 Li\n   0.6821887735860952    0.9716111971790727    0.7014101765118341 Mn\n   0.4125285969903092    0.3805453124617690    0.4013603699735800 Mn\n   0.7361224736212144    0.2677784584386713    0.0173816836783051 Mn\n   0.0272069008426983    0.2537445287702844    0.2840588866707562 Mn\n   0.2608930287971902    0.6873986809148701    0.7492612561897924 Mn\n   0.3279782757623757    0.1883957497122301    0.8857174861202444 Mn\n   0.2566282758312859    0.0713709072632298    0.4917532142753608 O\n   0.4198339637023034    0.4275576361872703    0.9415562906654596 O\n   0.0662391387412884    0.1321110991071879    0.0725148884560779 O\n   0.6940544965081170    0.4177045651631046    0.2055136260251418 O\n   0.5092807446134751    0.0360091261881346    0.4388089171004216 O\n   0.4631176167681033    0.3445909657719595    0.6397257378204405 O\n   0.2048261415812842    0.5246110267348647    0.1972017258481326 O\n   0.9938141326660566    0.7551408268483681    0.6063347131593207 O\n   0.9515824999878697    0.6029378930394218    0.7904844015468142 O\n   0.3569106927102546    0.8899401831753816    0.8550023410414078 O\n   0.7155998594844455    0.0004788763499143    0.9590308373058599 O\n   0.0824197128819937    0.5876057210289174    0.3512968943870737 O\n,1
1.0,-2.0,Na Na Na Na Ni O F F F F F F F 0 9 ooo 0 10 o-o 0 5 ooo 0 12 +oo 0 8 ooo 1 7 -oo 1 5 ooo 1 6 o+o 2 9 ooo 2 10 o+o 2 11 oo+ 2 7 ooo 3 5 -oo 3 11 o+o 3 10 ooo 3 9 o+o 3 12 ooo 3 8 ooo 4 8 ooo 4 8 -oo 4 12 ooo 4 11 o+o 4 9 ooo 5 9 ++o 5 10 ooo 5 11 ++o 6 7 ooo 6 12 ++o 6 11 +oo 6 11 ooo 6 8 +oo 6 10 ooo,Na4 Ni1 O1 F7\n1.0\n   3.3134224857077625    0.0000000000000000    0.0000000000000000\n   0.7958528362786239    5.9017359868457078    0.0000000000000000\n   0.8204329596001970    1.0624220278788870    9.8312067629247792\nNa Ni O F\n4 1 1 7\ndirect\n   0.9838876167067666    0.7118444454197703    0.9446285031971762 Na\n   0.2080172361163857    0.2518105071538267    0.0998044189029557 Na\n   0.5001231267582564    0.6788723266620988    0.2985360879107817 Na\n   0.3723117440247367    0.9156560992226015    0.5790603251792856 Na\n   0.7121122458806153    0.1797728173555562    0.8144903709221500 Ni\n   0.6999724612008202    0.0779342782078287    0.2640132310983766 O\n   0.7097468856654549    0.3938642949873541    0.9509772714751709 F\n   0.9470848976884297    0.7965940170836776    0.4403592625098703 F\n   0.2157406269792200    0.2947044767206289    0.7147809412240285 F\n   0.4065901243327216    0.9847763245335514    0.9592597030251782 F\n   0.8406746632598731    0.9011387461295775    0.7262266986323457 F\n   0.0564828207624022    0.5999012230090948    0.1658507599996548 F\n   0.5568896624435431    0.2302751797434427    0.3607862188615953 F\n,1
1.0,-2.0,Pr Pr Pr Pr Mg Mg S S S S S S S S 0 6 ooo 0 9 o-o 0 12 oo- 0 7 ooo 0 11 o-o 0 8 ooo 0 13 +o- 0 10 +oo 1 7 ooo 1 10 ooo 1 8 ooo 1 9 ooo 1 13 o-o 1 12 ooo 1 6 o-o 1 11 oo- 2 8 -oo 2 6 -oo 2 9 -oo 2 13 ooo 2 11 ooo 2 7 ooo 2 10 ooo 3 10 ooo 3 7 ooo 3 8 ooo 3 9 ooo 3 12 ooo 3 11 ooo 3 6 ooo 4 7 --o 4 10 -o- 4 12 -oo 4 6 o-- 4 9 o-o 4 13 oo- 4 11 ooo 5 12 --o 5 7 -oo 5 6 o-o 5 11 ooo 5 10 ooo 6 9 o-o 6 13 ooo 6 8 o-o 6 8 oo- 7 12 -oo 7 13 ooo 7 11 oo- 7 9 ooo 8 13 ooo 8 11 ooo 8 9 ooo 8 13 o-o 8 12 -oo 9 10 o+o 9 10 ooo 9 11 ooo 9 11 +oo,Pr4 Mg2 S8\n1.0\n   4.0017766736613218    0.0000000000000000    0.0000000000000000\n   0.4538796323290760    6.8801689177156273    0.0000000000000000\n   1.6285978452105185    2.1351311075669832   13.9106228067227651\nPr Mg S\n4 2 8\ndirect\n   0.8333411345054389    0.1393793154453701    0.8940401736588446 Pr\n   0.2706836046355758    0.0956433716254579    0.2164499305771811 Pr\n   0.3255588240319156    0.0643136789077445    0.5215094051732879 Pr\n   0.8873306232057883    0.6903769481090481    0.7560880562685370 Pr\n   0.5007811941599785    0.5498269893562522    0.0335485749559395 Mg\n   0.6763021815981365    0.5644236251633421    0.4787724793168910 Mg\n   0.5198105064959775    0.8516943836042024    0.3732580135136359 S\n   0.6395392740892276    0.3907672230361582    0.2714727485664007 S\n   0.3565713609704193    0.8782074526193996    0.9712175392121164 S\n   0.3838411352334807    0.9895528422606901    0.7234046995030237 S\n   0.3245432058337383    0.4580829558693158    0.8797335696990219 S\n   0.9156181881523451    0.2569885105100789    0.3829837803699268 S\n   0.1145776353522570    0.6351182957443364    0.5725782756107514 S\n   0.7834821463548751    0.2291896342865309    0.0736693830190072 S\n,1
1.0,-2.0,Ti Fe Fe Fe Fe Fe O O O O O O O O 0 11 -oo 0 12 -oo 0 9 ooo 0 13 oo+ 1 8 ooo 1 10 ooo 1 12 oo+ 1 13 oo+ 2 7 o-o 2 9 oo- 2 11 oo- 2 12 oo- 2 7 ooo 2 8 oo- 3 6 -oo 3 9 -oo 3 10 ooo 3 6 ooo 3 13 o+o 3 8 o+- 4 8 o-- 4 6 ooo 4 12 +-o 4 7 +oo 4 11 +oo 4 10 +o+ 5 7 o-o 5 8 o-+ 5 13 o-+ 5 10 ooo 5 11 ooo 5 6 oo+,Ti1 Fe5 O8\n1.0\n   3.1474211447833413    0.0000000000000000    0.0000000000000000\n  -1.1684492942175972    6.7502244019180271    0.0000000000000000\n  -1.1335300654514644   -1.9915647646743750    7.8422491251238347\nTi Fe O\n1 5 8\ndirect\n   0.7853788362058636    0.8491704781464051    0.9002522274462864 Ti\n   0.1664407465358434    0.0337275617273699    0.5622263803778909 Fe\n   0.4739051097866071    0.6882686857859780    0.2268630770938913 Fe\n   0.3175802488997390    0.1634163589913942    0.2455427596418164 Fe\n   0.0294183840486846    0.5300379142004079    0.5455769428065503 Fe\n   0.7053385936608730    0.3171459249404596    0.9410135882465193 Fe\n   0.3678849519134663    0.9913614904116221    0.9870756647286547 O\n   0.7285090817035188    0.0902376144404928    0.7375459277358071 O\n   0.7780477281894334    0.0217727380896235    0.3077439318217707 O\n   0.4286271360876291    0.3393851981158142    0.4791271466887269 O\n   0.0740097975122192    0.7120903178382315    0.4078462933440712 O\n   0.8378413016391482    0.6699618272864764    0.0337817559983834 O\n   0.3079710516107937    0.3664677456745794    0.1127703095209224 O\n   0.6467884117573772    0.6654234340137861    0.6977168903179317 O\n,1
1.0,-2.0,Li Fe Fe Fe O O F F F F F F 0 7 -oo 0 10 -oo 0 4 ooo 0 8 ooo 0 11 ooo 0 5 oo+ 1 11 ooo 1 8 o+o 1 9 o+o 1 9 oo- 1 10 ooo 1 4 ooo 2 5 ooo 2 6 ooo 2 8 +oo 2 11 o-o 2 10 o-o 2 5 ooo 3 8 --- 3 6 --o 3 4 -o- 3 5 -oo 3 7 o-o 3 9 oo-,Li1 Fe3 O2 F6\n1.0\n   5.4315100208272282    0.0000000000000000    0.0000000000000000\n   2.6035595242985639    5.2622212399475474    0.0000000000000000\n   1.8730005347486849    1.5591574672435355    5.4602099103107635\nLi Fe O F\n1 3 2 6\ndirect\n   0.7976292001460362    0.9721911560607157    0.2396325693031197 Li\n   0.1528224902265624    0.1081863085401241    0.6726899448256319 Fe\n   0.0812923643628056    0.3749706808981367    0.0909390843667379 Fe\n   0.4613240420092037    0.5632546416129387    0.4505143387566886 Fe\n   0.4524308798770298    0.7587473093850278    0.6987163123070865 O\n   0.1730804753176032    0.7487578939816009    0.7961473448780223 O\n   0.8625842899778278    0.2390530354092442    0.9461030872065146 F\n   0.3628289849962243    0.2620665001813793    0.3331064655045243 F\n   0.8485768701794854    0.2471615964697257    0.4833996786388913 F\n   0.7647460157078493    0.6960652068097640    0.1775326295408711 F\n   0.1738867298614351    0.8652303989408987    0.2730428940748374 F\n   0.3516458902408853    0.2438965613665711    0.7924080063187281 F\n,1
1.0,-2.0,Li Li Cr Cr In In O O O O O O O O 0 11 ooo 0 10 oo+ 0 6 o+o 0 12 +oo 0 7 o+o 1 11 ooo 1 9 o+o 1 8 ooo 1 13 +oo 1 10 ++o 2 6 oo+ 2 9 o-o 2 12 o-o 2 13 oo- 3 12 -oo 3 13 -oo 3 10 -oo 3 7 ooo 4 7 oo- 4 11 oo- 4 6 ooo 4 8 ooo 5 8 o-o 5 9 ooo 5 11 o-o 5 12 ooo,Li2 Cr2 In2 O8\n1.0\n   5.6535270935165665    0.0000000000000000    0.0000000000000000\n   2.8247949197529874    4.9129741242673743    0.0000000000000000\n   1.0184449559364046    1.6312684807372650    5.7448882893269380\nLi Cr In O\n2 2 2 8\ndirect\n   0.1340419229993903    0.7941352839331428    0.8508838125746614 Li\n   0.3519007749258158    0.1439999181380804    0.9434730434502924 Li\n   0.2220325217605696    0.7349125383695748    0.3704346571527105 Cr\n   0.9520212854701833    0.3123714994346128    0.2717727061795364 Cr\n   0.5453234018103528    0.0956357055114736    0.4851152725561715 In\n   0.7377553703647315    0.4336403880448574    0.8165440709945027 In\n   0.9509716001798744    0.0002892697011705    0.5377062135696237 O\n   0.9728843195072151    0.0318504674594566    0.0966942351876860 O\n   0.5588883933060276    0.4593597304339507    0.2216350789431614 O\n   0.3435882594436082    0.0256776912859954    0.2760451162079313 O\n   0.4192921127575840    0.4378012404558081    0.6665744796557391 O\n   0.4553760172243148    0.8638308178580454    0.7896248128160513 O\n   0.9968009740131358    0.5100685416265821    0.9965416411493262 O\n   0.9816198792310300    0.4904097982400937    0.4634123539577197 O\n,1
1.0,-2.0,Li Fe Fe Fe Fe Fe O O F F F F F F F F F F 0 15 o-o 0 9 ooo 0 13 ooo 0 11 ooo 0 17 ooo 0 8 ooo 1 7 ooo 1 12 ooo 1 16 ooo 1 6 ooo 1 8 o+o 1 14 o+o 2 13 ooo 2 12 o+o 2 6 ooo 2 16 oo+ 2 15 +oo 2 17 +oo 3 8 oo- 3 9 ooo 3 11 oo- 3 10 ooo 3 7 oo- 3 14 ooo 4 12 --o 4 16 --o 4 9 -oo 4 11 o-o 4 7 ooo 4 15 ooo 5 14 --- 5 17 ooo 5 10 --o 5 13 oo- 5 8 oo- 5 15 ooo,Li1 Fe5 O2 F10\n1.0\n   5.6462397299559441    0.0000000000000000    0.0000000000000000\n   1.0576497551476993    5.9697354138284524    0.0000000000000000\n   2.8133952505140809    2.0848776076194993    7.2159822355760586\nLi Fe O F\n1 5 2 10\ndirect\n   0.4693376678177198    0.7427073187684191    0.7281262401623355 Li\n   0.4777830907755317    0.2915585447935581    0.5564318680443132 Fe\n   0.8018355480737940    0.2431897320329756    0.8331812747252074 Fe\n   0.4275629657618962    0.5657536284517449    0.1880394970482525 Fe\n   0.7783675341696297    0.8335758574795684    0.2708844049544371 Fe\n   0.0060292293178176    0.3914682007350182    0.0907244440238492 Fe\n   0.7103912440297888    0.4656783867829831    0.2852784113818917 O\n   0.8830930426430348    0.1473631000216596    0.0568626667513107 O\n   0.1873706833807687    0.5230080207093533    0.8290574438189471 F\n   0.5806039689513317    0.9563116639938429    0.4789396750504433 F\n   0.6415698588316118    0.5398711247718696    0.9329943314682891 F\n   0.6980296955293894    0.4856868604196787    0.6327367432760389 F\n   0.1253143454624882    0.1353848995893285    0.6968503309300202 F\n   0.2871420305224160    0.2806810699741957    0.1936753764774207 F\n   0.5006373600066527    0.8781871575763484    0.1377963031913648 F\n   0.5957246325344558    0.0680782107572582    0.7760538386290508 F\n   0.1159282099220540    0.6980870827343014    0.1122218787706795 F\n   0.2261500705266791    0.5455459554916046    0.4403893991518203 F\n,1
1.0,-2.0,Li Li Li Li Mn Mn Mn Mn O O O O O O O O 0 15 ooo 0 10 ooo 0 8 ooo 0 12 ooo 0 14 ooo 0 9 ooo 1 13 -oo 1 15 ooo 1 12 ooo 1 11 oo+ 2 8 o-o 2 9 oo- 2 13 ooo 2 14 +-o 2 15 +oo 3 11 -oo 3 9 -+o 3 14 -+o 3 10 o+o 3 11 ooo 4 14 oo- 4 12 ooo 4 13 o+- 4 15 ooo 4 8 ooo 4 10 ooo 5 12 ooo 5 11 ooo 5 13 o+o 5 9 ooo 5 10 oo+ 5 8 ooo 6 13 -oo 6 14 -+o 6 12 ooo 6 15 ooo 7 9 +-o 7 11 +-o 7 8 ooo 7 14 +-o,Li4 Mn4 O8\n1.0\n   5.1355856995664197    0.0000000000000000    0.0000000000000000\n  -0.9512709642915561    5.1344536704731780    0.0000000000000000\n  -1.1710714032849632   -0.6078872396735525    5.8973694651790218\nLi Mn O\n4 4 8\ndirect\n   0.9492784808842558    0.8110640355185650    0.8645227724664464 Li\n   0.4190078850290183    0.5884165977802149    0.4702262162476166 Li\n   0.9203187385727050    0.8179598975004585    0.3691031571956881 Li\n   0.3943575770018596    0.0772375205869207    0.6982409197845815 Li\n   0.4208483849579417    0.5826013790631245    0.9490943572207232 Mn\n   0.9207976468895949    0.3116468762596687    0.0993699489083288 Mn\n   0.8919705580018756    0.3321263704783685    0.5769819386427201 Mn\n   0.4053244114109329    0.0723058606215979    0.2152719992102123 Mn\n   0.6477373144137858    0.9701651424517724    0.0223496406817115 O\n   0.6583116072946426    0.5003593737967851    0.7612077900757630 O\n   0.6886632200335382    0.4542792551871056    0.2698029908641689 O\n   0.1751547989909270    0.6656017036697780    0.1413880065822059 O\n   0.6356391938525171    0.0017801728642328    0.4925208256491734 O\n   0.1672349077659552    0.6387128667054104    0.6677187306603908 O\n   0.1844519682703479    0.1866267226719222    0.9414266321552309 O\n   0.1383897276582468    0.1792142220536546    0.3903121280438150 O\n,1
1.0,-2.0,K K K Rh Cl Cl Cl Cl Cl Cl 0 8 ooo 0 8 o+o 0 4 oo+ 0 4 o+o 0 6 ooo 0 6 +oo 0 5 o+o 0 5 +oo 0 7 oo+ 0 7 +oo 0 9 ooo 0 9 oo+ 1 5 oo- 1 5 ooo 1 7 o-o 1 7 ooo 1 4 -oo 1 4 ooo 1 6 o-o 1 6 oo- 1 8 -oo 1 8 oo- 1 9 -oo 1 9 o-o 2 9 --o 2 8 -o- 2 4 -oo 2 6 o-- 2 7 o-o 2 5 oo- 3 5 ooo 3 7 ooo 3 6 ooo 3 4 ooo 3 8 ooo 3 9 ooo,K3 Rh1 Cl6\n1.0\n  -0.0000000000000003    5.3312376550288185    5.3312376550288185\n   5.3312376550288185    0.0000000000000000    5.3312376550288185\n   5.3312376550288185    5.3312376550288185    0.0000000000000007\nK Rh Cl\n3 1 6\ndirect\n   0.7500000000000001    0.7500000000000001    0.7499999999999999 K\n   0.2500000000000000    0.2500000000000000    0.2500000000000001 K\n   0.0000000000000000    0.0000000000000000    0.0000000000000000 K\n   0.5000000000000001    0.5000000000000002    0.4999999999999998 Rh\n   0.2796608710395834    0.7203391289604166    0.2796608710395835 Cl\n   0.7203391289604166    0.2796608710395834    0.2796608710395835 Cl\n   0.7203391289604166    0.2796608710395835    0.7203391289604165 Cl\n   0.2796608710395834    0.2796608710395835    0.7203391289604165 Cl\n   0.7203391289604167    0.7203391289604169    0.2796608710395831 Cl\n   0.2796608710395834    0.7203391289604167    0.7203391289604165 Cl\n,1
1.0,-2.0,Mn V V Bi Bi Bi O O O O O O O O O O O O 0 15 oo- 0 9 oo- 0 14 ooo 0 17 ooo 1 11 ooo 1 8 ooo 1 13 ooo 1 12 ooo 2 17 -oo 2 16 ooo 2 15 ooo 2 8 o+o 3 7 o-o 3 10 ooo 3 16 ooo 3 6 ooo 3 14 ooo 3 9 ooo 4 15 ooo 4 10 oo+ 4 13 ooo 4 8 ooo 4 16 ooo 5 9 ooo 5 12 oo- 5 7 ooo 5 6 oo- 5 11 o-o 5 17 oo- 5 10 ooo,Mn1 V2 Bi3 O12\n1.0\n  -5.3804464793689899    0.0000000000000000    0.0000000000000000\n   1.8435250213467456    6.1158723898987883    0.0000000000000000\n  -0.1692032632807165   -1.7072931896181507  -13.2406127437854693\nMn V Bi O\n1 2 3 12\ndirect\n   0.9693717145443079    0.2267255162849713    0.0491106070862052 Mn\n   0.0574290353637246    0.3736235710791500    0.2337046931419819 V\n   0.4314614803705321    0.4764264482658823    0.7202798909215948 V\n   0.5632152980443625    0.1486646575219689    0.8736800725772969 Bi\n   0.6228709547068693    0.6462690732649923    0.1047114780436618 Bi\n   0.9505926953307822    0.7174285565476186    0.8725153575569650 Bi\n   0.6112322358321984    0.7397849681323361    0.7771940775249233 O\n   0.3357257445401336    0.3405232499338533    0.1656055788917981 O\n   0.5486394798319422    0.4740565106363717    0.9548177293186364 O\n   0.9893486482492753    0.3410361377921041    0.9331152241458800 O\n   0.8444411918585116    0.9056358493842729    0.0060829008118598 O\n   0.3999488490974423    0.4791970125177792    0.6004918334384042 O\n   0.9885360231322700    0.5565800468286610    0.1430923587175106 O\n   0.0279744370227458    0.4990871539395020    0.3695440492918962 O\n   0.6435895712766793    0.3153514819506461    0.7411048514514105 O\n   0.0888122892663246    0.3073275737425744    0.3684733263409279 O\n   0.7944640675153809    0.1591963968722800    0.1920737549731538 O\n   0.1516710209474287    0.0269659942760170    0.8284042954013435 O\n,1
1.0,-2.0,Cr Cr O O O 0 2 ooo 0 2 +oo 0 3 oo- 1 4 ooo 1 4 o-- 1 4 o-o 1 2 ooo 1 2 +-o,Cr2 O3\n1.0\n  -3.1086089587441141    0.0000000000000000    0.0000000000000000\n  -0.0039027754752615   -3.9602165270928835    0.0000000000000000\n   0.3132388142882069    1.9755933748438208    4.8701189778744745\nCr O\n2 3\ndirect\n   0.9175677432624334    0.1923936627096721    0.0853827333549085 Cr\n   0.3867540617678101    0.5147676109939914    0.7292097231448813 Cr\n   0.8626320539690231    0.3913663246590440    0.4718218366624958 O\n   0.3991004912400018    0.0669589250068656    0.8354537733790885 O\n   0.9171663535866514    0.6565998727992115    0.0087195744434766 O\n,1
1.0,-2.0,Tb Tb Tb Tb Sc Sc Sc Sc S S S S S S S S S S S S 0 15 ooo 0 15 ooo 0 17 ooo 0 8 ooo 0 12 ooo 0 9 ooo 1 14 ooo 1 18 o+o 1 16 oo- 1 13 ooo 1 19 oo- 1 12 ooo 2 10 -oo 2 19 -o+ 2 8 -+o 2 14 ooo 2 16 ooo 2 13 oo+ 3 18 ooo 3 17 ooo 3 11 ooo 3 10 oo- 3 15 +-o 3 9 +oo 4 17 ooo 4 14 ooo 4 13 ooo 4 18 ooo 4 11 ooo 4 9 oo+ 5 16 o-o 5 14 ooo 5 8 ooo 5 12 ooo 5 15 ooo 5 10 ooo 6 8 oo- 6 12 o+o 6 17 ooo 6 18 o+o 6 10 o+o 6 14 ooo 7 19 --o 7 16 -oo 7 9 -oo 7 15 o-o 7 11 ooo 7 13 ooo,Tb4 Sc4 S12\n1.0\n   6.7554167228491284    0.0000000000000000    0.0000000000000000\n   2.4079945559865847    6.5393377454684707    0.0000000000000000\n   1.2642946173149221    1.5688460491017795   11.3726516815950305\nTb Sc S\n4 4 12\ndirect\n   0.1412110067707850    0.8640460790552689    0.0966226704100148 Tb\n   0.2517493436160312    0.4905835451942456    0.4257099691117007 Tb\n   0.7259663132601812    0.7219330873575618    0.8754610825776420 Tb\n   0.5156953243967495    0.2541297887434483    0.0333171932046180 Tb\n   0.1806707346923316    0.9162431763678508    0.7640470055069930 Sc\n   0.1545583515886461    0.0220619455774226    0.4738340010956611 Sc\n   0.7348874172344760    0.2259775926982326    0.2974951108408164 Sc\n   0.7599984598456816    0.3431924028439531    0.6258912048479812 Sc\n   0.9963555261451975    0.8682290205630127    0.3465054408759642 S\n   0.1602741285984627    0.6222643525934521    0.9144471606650736 S\n   0.8834586222576285    0.4099519804140169    0.4129847605041177 S\n   0.4059857719725408    0.7048848552284639    0.5940228756931465 S\n   0.7607446053343739    0.8515978878922592    0.0704378242498546 S\n   0.4034955219210646    0.1061554052128847    0.3218134775693426 S\n   0.3578147075512227    0.0252004463974156    0.9056737328912432 S\n   0.4382497337355110    0.5349523803709149    0.2037841167478678 S\n   0.1766924441950143    0.2538902192598270    0.6283571736204423 S\n   0.7452663838680674    0.3482305487825060    0.8353546435356705 S\n   0.8219294323014670    0.9667375215926510    0.6721801267580059 S\n   0.8918044463403505    0.2542692698890550    0.1052002466962554 S\n,1
1.0,-2.0,Na Na Na Na Na Na Ag Ag O O O O O O F F 0 14 ooo 0 8 ooo 0 12 ooo 0 13 ooo 0 15 ooo 0 9 ooo 0 8 oo+ 1 13 ooo 1 15 ooo 1 12 ooo 1 9 oo- 1 14 ooo 1 8 ooo 1 13 ooo 2 14 o-o 2 10 ooo 2 11 -oo 2 12 ooo 3 11 o-o 3 8 ooo 3 10 o-o 3 14 oo+ 4 10 ooo 4 11 oo+ 4 13 o+o 4 14 ooo 4 15 o++ 5 9 +oo 5 12 +oo 5 13 +o+ 5 8 +oo 5 15 +o+ 6 10 -oo 6 14 -+o 6 12 ooo 6 13 oo+ 7 9 -oo 7 8 o-- 7 15 o-o 7 9 ooo,Na6 Ag2 O6 F2\n1.0\n   6.0920185109737428    0.0000000000000000    0.0000000000000000\n  -2.6735486634458265    6.1013170242637758    0.0000000000000000\n  -0.4068775073773598   -0.1800482173910657    7.6118022318104845\nNa Ag O F\n6 2 6 2\ndirect\n   0.9107427357806848    0.7185087195507597    0.8743095734899586 Na\n   0.0998844724566234    0.8296570008214378    0.2933642589717486 Na\n   0.2153353409136708    0.3918840623609754    0.1796845053826728 Na\n   0.7018526958176584    0.2063556195633496    0.0182120557256826 Na\n   0.3518007623358912    0.0976902946769741    0.6232659714192915 Na\n   0.6082330928888225    0.5691504779438754    0.5340172529268333 Na\n   0.1118641445214279    0.5550534931142249    0.5772584409163751 Ag\n   0.8606316939743630    0.1043551263895613    0.4462645656838050 Ag\n   0.0517566153512544    0.1253939049022772    0.9356431252284564 O\n   0.9785084144727707    0.0133135921174694    0.0836524070980487 O\n   0.2120698290317430    0.3215976123585049    0.4759502503762404 O\n   0.9993176674081288    0.7979851692018081    0.5931184871761171 O\n   0.5267392081875577    0.8421225291420522    0.3657898828700784 O\n   0.5323949752571433    0.0522490705286520    0.2930728251132980 O\n   0.9460738758259002    0.5353803053997280    0.1251942484595632 F\n   0.6734067467219096    0.3589927695443279    0.7558567735900722 F\n,1
