bandgap_target,SLICES,poscar,novelty
1.0,Cd Cd Cd Se Se Se 0 4 o-o 0 4 ooo 0 5 +oo 0 3 ooo 1 3 -oo 1 5 o+o 1 3 ooo 1 2 ++o 2 5 oo- 2 5 ooo 2 3 oo- 2 3 ooo,Cd3 Se3\n1.0\n  -4.3618571687497996    0.0000000000000000    0.0000000000000000\n  -0.1075987366828281   -7.1662759515172088    0.0000000000000000\n   0.4873630643862138    2.9281216234714953    6.6211783064040333\nCd Se\n3 3\ndirect\n   0.0233600477194156    0.0702496878628163    0.0228198171338302 Cd\n   0.4915211986210933    0.9330298379258910    0.6229099782377571 Cd\n   0.1687783736172490    0.4726008306501233    0.5628536506232726 Cd\n   0.5257328847921954    0.8560674815246035    0.9704611232710196 Se\n   0.1455342889927802    0.2499409469866538    0.7682387415888012 Se\n   0.6421522254415508    0.5589899904578789    0.4018321384669903 Se\n,1
2.0,Ba Ca Zn Zn Zn S S S S S 0 9 o-o 0 9 +oo 0 7 ooo 0 4 o-o 0 5 oo- 0 5 ooo 0 8 ooo 0 8 +oo 0 6 o-o 0 6 oo- 0 7 ooo 0 3 +oo 1 6 --- 1 6 --o 1 3 o-- 1 3 --o 1 5 -o- 1 5 o-o 1 7 ooo 1 4 ooo 1 4 -oo 1 4 ooo 1 2 ooo 1 9 -oo 2 7 -oo 2 5 o+o 2 8 o+o 2 9 ooo 3 6 oo+ 3 8 ooo 3 5 ++o 4 7 ooo 4 8 ++o,Ba1 Ca1 Zn3 S5\n1.0\n   4.2558491299722050    0.0000000000000000    0.0000000000000000\n  -0.7292503166510269    7.0083950895117564    0.0000000000000000\n  -1.7276424497624923   -3.2199508919718132    8.1441317352715945\nBa Ca Zn S\n1 1 3 5\ndirect\n   0.1466480083780534    0.8287210978297225    0.1214734935316483 Ba\n   0.8589321786769144    0.9661924295928368    0.6617868233806437 Ca\n   0.7597456306554778    0.4055622126021526    0.1119751630554184 Zn\n   0.3776910250123131    0.4747386625579858    0.7475101659386556 Zn\n   0.3431966498339848    0.3210026629369785    0.3775633038137771 Zn\n   0.2989506004226351    0.1136067213702185    0.5353776419462231 S\n   0.5871020211367052    0.6136771564489092    0.3278282131377636 S\n   0.0262760893672614    0.3728073910709774    0.9097303276399378 S\n   0.5499308103362286    0.8305681274408768    0.8486098179062453 S\n   0.7609622364339911    0.1787537319365936    0.2466420522866656 S\n,1
2.0,Tl Tl Tl In Br Br Br Br Br Br 0 8 ooo 0 8 o+o 0 4 oo+ 0 4 o+o 0 6 ooo 0 6 +oo 0 5 o+o 0 5 +oo 0 7 oo+ 0 7 +oo 0 9 ooo 0 9 oo+ 1 5 oo- 1 5 ooo 1 7 o-o 1 7 ooo 1 4 -oo 1 4 ooo 1 6 o-o 1 6 oo- 1 8 -oo 1 8 oo- 1 9 -oo 1 9 o-o 2 5 ooo 2 7 ooo 2 6 ooo 2 4 ooo 2 8 ooo 2 9 ooo 3 9 --o 3 8 -o- 3 4 -oo 3 6 o-- 3 7 o-o 3 5 oo-,Tl3 In1 Br6\n1.0\n   7.5238168814230360    0.0000000000000000    0.0000000000000000\n   3.2002304387652001    7.4888336679019174    0.0000000000000000\n   3.1831624437653572    1.4695799186482146    7.6044941478521508\nTl In Br\n3 1 6\ndirect\n   0.0316878089163970    0.0320340454680965    0.0454128846492730 Tl\n   0.5860115385626936    0.4306920202701195    0.4287474826836807 Tl\n   0.8578013845912726    0.7445638459397868    0.7499616463459209 Tl\n   0.3104840009670220    0.2324708756738569    0.2425977897960048 In\n   0.0478111125466610    0.4124300956208060    0.0388932787572722 Br\n   0.5270204873572244    0.0020172368351517    0.0124117280930235 Br\n   0.5277859581637799    0.0487046184676798    0.4726512142302282 Br\n   0.5226154763123516    0.4698563097855286    0.0629395718800290 Br\n   0.0494599478001150    0.0298348561934634    0.4169378441289566 Br\n   0.0917887789980840    0.4736686036739830    0.4759931828431511 Br\n,1
2.0,Mg Mg Mo Mo O O O O O O 0 9 oo+ 0 9 o+o 0 7 ooo 0 5 o+o 0 4 ooo 0 6 ooo 1 5 ooo 1 6 ooo 1 8 ooo 1 4 ooo 1 7 oo+ 1 9 +oo 2 6 -oo 2 5 oo- 2 4 o-o 2 8 oo- 2 9 ooo 3 7 o-o 3 5 oo- 3 4 ooo 3 8 ooo 3 9 ooo,Mg2 Mo2 O6\n1.0\n   3.2357229311055122    0.0000000000000000    0.0000000000000000\n   1.4094992481282911    5.3391155809225106    0.0000000000000000\n   1.5556797433179599    1.8068303310911806    8.1721630866037529\nMg Mo O\n2 2 6\ndirect\n   0.1602412617069573    0.9379630086523431    0.9655395369258384 Mg\n   0.7342789204521816    0.0207695627144586    0.6426713572450389 Mg\n   0.0150137549259788    0.4572823214671785    0.7914642958178917 Mo\n   0.1531682862134174    0.5357175941677265    0.3739372394325635 Mo\n   0.0490637392533595    0.7961829940310122    0.1935899940314225 O\n   0.1723161641326022    0.2467918910969016    0.5908641831873311 O\n   0.3943153225811528    0.7210314693076907    0.8032508043076489 O\n   0.7470728081735094    0.3642338421065806    0.3271636440502990 O\n   0.6058502909923607    0.1537654718569846    0.8711995551219006 O\n   0.0182672898513362    0.7384136737085734    0.5287741892708628 O\n,1
2.0,Ge Ge Ge Ge Os Os C C N N N N N N N N 0 11 ooo 0 12 oo+ 0 9 oo+ 0 14 oo+ 1 8 oo- 1 13 ooo 1 10 o-o 1 15 o-o 2 8 oo- 2 14 ooo 2 10 ooo 2 9 ooo 3 11 oo- 3 10 ooo 3 13 ooo 3 8 ooo 4 12 ooo 4 15 ooo 4 8 ooo 4 11 +oo 5 14 +oo 5 9 oo+ 5 13 o-o 5 12 o-+ 6 13 ooo 6 8 ooo 6 12 o+o 6 9 o+o 7 14 ooo 7 13 o+o 7 15 +oo 7 11 +oo,Ge4 Os2 C2 N8\n1.0\n   5.2959018713239470    0.0000000000000000    0.0000000000000000\n  -1.9339074122485715    6.4697809648120979    0.0000000000000000\n  -1.2049210203583136   -1.6268490489050769    7.9339790270845105\nGe Os C N\n4 2 2 8\ndirect\n   0.1804285866543991    0.2623675561001732    0.2060917985755831 Ge\n   0.3761823259676731    0.6193605690911221    0.9353364710920370 Ge\n   0.5797194354113685    0.7050569654601748    0.5695932102466886 Ge\n   0.1119313516063632    0.0326793131115154    0.4934998930995605 Ge\n   0.9655704632027347    0.3995741503146173    0.6180562896934484 Os\n   0.6855449371225270    0.3243299920719706    0.2663296612304550 Os\n   0.9986560748123594    0.2546307505931911    0.3901014638530255 C\n   0.9831803532419573    0.2347621054396651    0.3959266505341214 C\n   0.6395184427584795    0.4437717548763018    0.5115463143364527 N\n   0.8621958492316584    0.6121490144471352    0.2718339631436624 N\n   0.9783338735184485    0.7853790417745856    0.2701352426375099 N\n   0.3127082401476234    0.6307654946579472    0.7112249662367559 N\n   0.3583144441896078    0.9001872599538465    0.0409088173281916 N\n   0.7761173285472243    0.2178262043880269    0.7546836852805280 N\n   0.6309052347664577    0.1894607048220015    0.8435354510958820 N\n   0.4916129096243920    0.0293981530576418    0.1577663179048126 N\n,1
2.0,Rb Rb Ga Ga Cl Cl Cl Cl Cl Cl 0 8 ooo 0 8 o+o 0 4 oo+ 0 4 o+o 0 6 ooo 0 6 +oo 0 5 o+o 0 5 +oo 0 7 oo+ 0 7 +oo 0 9 ooo 0 9 oo+ 1 5 oo- 1 5 ooo 1 7 o-o 1 7 ooo 1 4 -oo 1 4 ooo 1 6 o-o 1 6 oo- 1 8 -oo 1 8 oo- 1 9 -oo 1 9 o-o 2 9 --o 2 8 -o- 2 4 -oo 2 6 o-- 2 7 o-o 2 5 oo- 3 5 ooo 3 7 ooo 3 6 ooo 3 4 ooo 3 8 ooo 3 9 ooo,Rb2 Ga2 Cl6\n1.0\n   5.1795750100263520    5.1796732013287201    0.0000000000000000\n   5.1795750100263520   -5.1796732013287201    0.0000000000000000\n   0.0000000000000000   -5.1795832834731081   -5.1804297851110830\nRb Ga Cl\n2 2 6\ndirect\n   0.9999955743072793    0.4995251214973302    0.9999693629718195 Rb\n   0.5004748785026698    0.0000044256927208    0.9999693629718195 Rb\n   0.2495081808630466    0.7504918191369534    0.4983364969563382 Ga\n   0.7493495209951576    0.2506504790048424    0.4983596324626702 Ga\n   0.9994169996276350    0.0005830003723650    0.5001652546675989 Cl\n   0.5002412318628965    0.4997587681371035    0.0003495760362584 Cl\n   0.5008963685770709    0.4991036314229291    0.4994692840817484 Cl\n   0.5010735927024013    0.0007619449905887    0.4998146806710884 Cl\n   0.9992380550094113    0.4989264072975987    0.4998146806710884 Cl\n   0.9987747846247990    0.0012252153752010    0.9966804460163657 Cl\n,1
2.0,Li Sb O O O 0 4 ooo 0 4 ooo 0 2 ooo 0 2 oo+ 0 3 -oo 0 3 ooo 0 2 oo+ 1 3 o-o 1 4 oo- 1 4 ooo 1 3 -o- 1 2 --- 1 2 oo- 1 2 o-- 1 2 o-o 1 3 ooo 2 4 ooo 2 4 o-o 2 3 ooo 2 3 --o 2 3 -oo,Li1 Sb1 O3\n1.0\n   3.0922383272333449    0.0000000000000000    0.0000000000000000\n  -0.0057713708169355    3.9543417406908405    0.0000000000000000\n  -0.2204868571444052   -1.9640365514978195    5.0796074974497625\nLi Sb O\n1 1 3\ndirect\n   0.8569611705704899    0.9077925384558800    0.0538281627228621 Li\n   0.3346242771431098    0.2308147555963158    0.6920935155701076 Sb\n   0.8157455024203233    0.1034486477578751    0.4340009179048872 O\n   0.8539675944243016    0.3611789661918644    0.9536268540496472 O\n   0.3394685872916866    0.7644991293616732    0.7576016950681155 O\n,1
3.0,Li Li Fe Fe F F F F F F F 0 8 oo+ 0 10 ooo 0 10 +o+ 0 5 oo+ 1 6 o-o 1 5 -oo 1 9 ooo 1 4 -oo 2 9 o-o 2 8 -oo 2 4 ooo 2 7 ooo 3 5 oo- 3 6 ooo 3 5 ooo,Li2 Fe2 F7\n1.0\n   3.8925152038263717    0.0000000000000000    0.0000000000000000\n   1.3935598074178495    5.3305719318422886    0.0000000000000000\n   0.9031464312096790    2.2139814397224806    6.7255191101346963\nLi Fe F\n2 2 7\ndirect\n   0.8638221923606659    0.0597046638996702    0.9243241256980792 Li\n   0.8733685873670175    0.0245114015358959    0.4989856954786652 Li\n   0.3173867563512792    0.4531348046229110    0.2215853126841290 Fe\n   0.4219814856038133    0.5709418857830412    0.7092344977380405 Fe\n   0.8327485371071077    0.4126313844672839    0.2279868610753883 F\n   0.2424944189488564    0.7734765517162452    0.9954662425056841 F\n   0.4536408333300171    0.2822463305106065    0.0066849993097833 F\n   0.2540230489065924    0.6417955388601151    0.4091768530157843 F\n   0.7507600966630329    0.2397557028227246    0.6689787798642872 F\n   0.8702506001743244    0.6965548202096352    0.7176155597170930 F\n   0.3841471413557265    0.1003843189766054    0.4170449296764367 F\n,1
3.0,La La S S Cl Cl Cl Cl 0 4 -oo 0 4 o+o 0 4 ooo 0 6 -oo 0 6 ooo 0 7 o+o 0 7 ooo 0 5 o+o 1 5 o-o 1 5 +oo 1 6 ooo 1 7 oo+ 1 2 ooo 1 3 +oo 1 3 o-o 1 2 oo+ 2 3 o-o 2 3 ooo 2 7 +oo 2 6 o-o 2 6 ooo 2 4 +oo 3 6 -oo 3 6 o+o 3 5 ooo 3 5 o+o 3 4 ooo 4 5 ooo 4 6 o-o 4 7 +oo 4 7 +-o 4 7 +oo 5 5 o-o 5 6 +oo 6 6 +-o 6 7 +oo,La2 S2 Cl4\n1.0\n   4.1883194327967255    0.0000000000000000    0.0000000000000000\n  -0.1974124660757956    7.2023993897459153    0.0000000000000000\n  -2.0575342905645755   -2.6252062390489339    7.3470596757386870\nLa S Cl\n2 2 4\ndirect\n   0.8843733246499915    0.0531431948825640    0.9463801990659981 La\n   0.0899448220110415    0.8853423453292100    0.3560755430709961 La\n   0.9682635076878996    0.7049187512010020    0.9800016957841379 S\n   0.5388994567824853    0.1019087063533442    0.2290656650977085 S\n   0.8897482155652200    0.7023102947755366    0.0104820442175365 Cl\n   0.6784700419662545    0.7545214715605681    0.5533949673445896 Cl\n   0.9863652919068285    0.4822595292743961    0.0989465614678134 Cl\n   0.2832533891866270    0.1684588880755983    0.7338916204721995 Cl\n,1
3.0,Hf Hf Ag Ag Ag Ag Ag Ag O O O O O O O O 0 11 -oo 0 14 ooo 0 8 -oo 0 15 -oo 0 9 ooo 0 10 ooo 1 12 o-- 1 9 o-o 1 12 o-o 1 11 oo- 1 15 ooo 1 13 oo- 2 12 --o 2 8 -o- 2 10 -oo 2 14 o-- 2 13 o-o 2 9 ooo 3 14 o-o 3 11 ooo 3 10 ooo 3 8 ooo 3 13 o-o 3 15 o-o 4 12 ooo 4 10 o+o 4 8 ooo 5 9 ooo 5 13 o+o 5 14 o+o 6 10 ooo 6 15 ooo 6 11 oo- 6 8 oo- 7 15 ooo 7 12 +oo 7 9 oo- 7 13 ooo,Hf2 Ag6 O8\n1.0\n   3.5790586816167718    0.0000000000000000    0.0000000000000000\n  -0.1016475171159160    5.4984194160233413    0.0000000000000000\n  -0.1036412580993992   -1.8931544255925123   13.0818117418325368\nHf Ag O\n2 6 8\ndirect\n   0.9619301924138772    0.1822204686636497    0.1259326775108552 Hf\n   0.9329530161600783    0.1890077585790629    0.4240349220095966 Hf\n   0.8857225554721482    0.6517260050176231    0.2942206897565700 Ag\n   0.0785048537760099    0.1988378485573810    0.7010582882627350 Ag\n   0.8882104146125415    0.6330081452470573    0.9686582645574990 Ag\n   0.6965980743032966    0.1182259831973317    0.8849411250657211 Ag\n   0.4697656430449032    0.6732979437957424    0.7739482751956837 Ag\n   0.4478598772030561    0.6530994136427406    0.5379296275170314 Ag\n   0.4569992465200893    0.0792301593187540    0.0622500052795638 O\n   0.5401024239370091    0.9160871442888527    0.6705747761792691 O\n   0.9488013224135730    0.5353912261642176    0.1343145991800610 O\n   0.4319799590853033    0.3450899261029879    0.4102632232673692 O\n   0.9464601003390932    0.3900021007836354    0.5699433274766298 O\n   0.9194532413824201    0.1152959045334485    0.2640127587024535 O\n   0.3143279558439301    0.4264876685021580    0.8691337957494639 O\n   0.9303090958080449    0.8434614544451063    0.4497331552595125 O\n,1
3.0,Ti Ti Mn Mn F F F F F F F F 0 4 --o 0 10 -oo 0 10 o-o 0 8 ooo 0 9 --o 0 11 o-o 0 6 -o- 1 4 -oo 1 11 oo- 1 5 oo- 1 8 ooo 1 9 oo- 2 7 ooo 2 5 ooo 2 8 ooo 2 6 ooo 2 10 ooo 2 9 oo+ 3 11 ooo 3 7 ooo 3 4 ooo 3 5 ooo 3 6 ooo 3 8 ooo,Ti2 Mn2 F8\n1.0\n   4.9497842932445861    0.0000000000000000    0.0000000000000000\n  -0.1160888470723763    5.9106321020314994    0.0000000000000000\n  -0.4884768748009277   -1.3260905041502302    6.1566691519431584\nTi Mn F\n2 2 8\ndirect\n   0.3866464505779522    0.0850950182312277    0.9945571299275692 Ti\n   0.4914882470305234    0.5304122691373502    0.5867431423059861 Ti\n   0.4870108379765899    0.4510166715958113    0.5455348763679531 Mn\n   0.9021768314622217    0.5900231516258850    0.0360909011447023 Mn\n   0.6812650728067592    0.2776043533412134    0.9081517873611568 F\n   0.6962391112196199    0.6620291179378456    0.3019387148663245 F\n   0.1178132105436158    0.9031131996310913    0.0943823608352734 F\n   0.2049056323334870    0.3704826221731039    0.1210963637520277 F\n   0.5523106779224590    0.7834118640060234    0.8641132890766713 F\n   0.6019349439644465    0.1321850778804490    0.2627517482899345 F\n   0.9700076657477760    0.5503760898988188    0.7053265071736756 F\n   0.2285679669823505    0.0999700557313528    0.7199245257270284 F\n,1
3.0,Sr Sr Sm Nb O O O O O O 0 8 ooo 0 8 oo+ 0 6 ooo 0 6 o+o 0 5 ooo 0 5 +oo 0 7 oo+ 0 7 +oo 0 4 oo+ 0 4 o+o 0 9 o+o 0 9 +oo 1 7 o-o 1 7 ooo 1 5 o-o 1 5 oo- 1 4 -oo 1 4 ooo 1 8 -oo 1 8 o-o 1 6 -oo 1 6 oo- 1 9 oo- 1 9 ooo 2 8 --o 2 6 -o- 2 4 -oo 2 5 o-- 2 7 o-o 2 9 oo- 3 9 ooo 3 7 ooo 3 5 ooo 3 4 ooo 3 6 ooo 3 8 ooo,Sr2 Sm1 Nb1 O6\n1.0\n  -3.0228073952088477    3.0228073952088481    4.2757240893281674\n   3.0228073952088477   -3.0228073952088481    4.2757240893281674\n   3.0228073952088486    3.0228073952088481   -4.2757240893281674\nSr Sm Nb O\n2 1 1 6\ndirect\n   0.4985824911812897    0.9985824911812897    0.5000000000000000 Sr\n   0.9985824911812896    0.4985824911812897    0.4999999999999999 Sr\n   0.7444689850203881    0.7444689850203881    0.0000000000000000 Sm\n   0.2453644867382489    0.2453644867382489    0.0000000000000000 Nb\n   0.0147681864939908    0.4844676384341542    0.9999999999999999 O\n   0.4844676384341543    0.0147681864939908    0.0000000000000000 O\n   0.0147681864939908    0.0147681864939910    0.5303005480598366 O\n   0.4844676384341542    0.4844676384341542    0.4696994519401634 O\n   0.4814259805454463    0.4814259805454463    0.0000000000000000 O\n   0.0113889320780189    0.0113889320780189    0.0000000000000000 O\n,1
3.0,Sr Sr Zr Zr O O O O O O 0 7 ooo 0 7 o+o 0 6 ooo 0 6 ooo 0 5 ooo 0 5 +oo 0 9 oo+ 0 9 o+o 0 8 oo+ 0 8 +oo 0 4 o+o 0 4 +oo 1 8 o-o 1 8 ooo 1 9 o-o 1 9 oo- 1 7 -oo 1 7 ooo 1 5 oo- 1 5 ooo 1 6 -oo 1 6 oo- 1 4 -oo 1 4 o-o 2 7 ooo 2 6 ooo 2 5 ooo 2 9 ooo 2 8 ooo 2 4 ooo 3 4 --o 3 6 -o- 3 9 -oo 3 5 o-- 3 7 o-o 3 8 oo-,Sr2 Zr2 O6\n1.0\n   3.5023546945560335    0.0000000000000000    0.0000000000000000\n  -0.4271835685029573    6.1477911813592403    0.0000000000000000\n  -1.2003981010863589   -0.5547269272892985    7.6953767828786761\nSr Zr O\n2 2 6\ndirect\n   0.3670147128274533    0.1025570578217059    0.9730609744097913 Sr\n   0.9519431921044115    0.0742075533943320    0.4314685522365462 Sr\n   0.7160449150206005    0.6071645853617714    0.7241901863951388 Zr\n   0.3812251501631119    0.5793816032311775    0.3032331355191964 Zr\n   0.7697778776479984    0.9183378381484002    0.8227315424574828 O\n   0.8830508071833409    0.7171615714329642    0.4965978115847735 O\n   0.8027446808529510    0.4295049497736347    0.1953290035638096 O\n   0.2109015002261048    0.5046990309798395    0.8438211092630863 O\n   0.4162113963932184    0.3848488266602143    0.5146532416956657 O\n   0.3789207553644305    0.8893449566916620    0.2332428645090652 O\n,1
3.0,Zn Zn Zn Zn Zn Zn Fe O O O O O O O O O 0 14 ooo 0 15 ooo 0 7 ooo 0 8 ooo 0 12 ooo 1 11 --o 1 9 -oo 1 7 -o+ 1 10 o-o 1 8 o-o 2 13 ooo 2 12 ooo 2 14 ooo 2 13 oo+ 2 10 ooo 2 11 ooo 3 14 --o 3 15 -oo 3 9 -oo 3 15 -oo 3 7 o-o 3 8 o-o 4 6 ooo 4 13 oo- 4 11 ooo 4 10 ooo 4 12 ooo 4 14 ooo 5 10 --o 5 6 -o- 5 7 -oo 5 6 o-- 5 7 o-o 5 8 oo-,Zn6 Fe1 O9\n1.0\n   3.3330415797975972    0.0000000000000000    0.0000000000000000\n  -0.4601798155679959    7.2895200485579039    0.0000000000000000\n  -1.3196982992501700   -2.6529005251680204    8.1873486130278987\nZn Fe O\n6 1 9\ndirect\n   0.0411637635739322    0.0348968582442757    0.0507907962351542 Zn\n   0.0257677760379538    0.5899643196928011    0.1402034548303631 Zn\n   0.7503436786799862    0.5911688116772608    0.4757289498680165 Zn\n   0.6430293580430135    0.9647087574026525    0.3650590602804715 Zn\n   0.2670778519458452    0.3040462772456108    0.5570977165775607 Zn\n   0.4018843709125489    0.6980273605899084    0.8386475027489034 Zn\n   0.6951755631545069    0.1935453901427771    0.8208540495327357 Fe\n   0.4683878629958455    0.9988242036285643    0.9040236719485046 O\n   0.1028054403289393    0.0054984273385898    0.2619085305973940 O\n   0.9534048347390089    0.7037124695387317    0.9594063375588235 O\n   0.2995517774906729    0.6060530998787682    0.6011624532215256 O\n   0.5894206916459743    0.6682087917717127    0.2812266931365802 O\n   0.1937993696950902    0.3232876183257033    0.7861382773025212 O\n   0.7128467715850917    0.2907974276681970    0.4265644491351683 O\n   0.5613667594774500    0.0547771212666873    0.5999455191955767 O\n   0.9260706120464082    0.3063399111973495    0.0400962859637123 O\n,1
3.0,K Rb Dy Sb Cl Cl Cl Cl Cl Cl 0 8 ooo 0 8 o+o 0 4 oo+ 0 4 o+o 0 6 ooo 0 6 +oo 0 5 o+o 0 5 +oo 0 7 oo+ 0 7 +oo 0 9 ooo 0 9 oo+ 1 5 oo- 1 5 ooo 1 7 o-o 1 7 ooo 1 4 -oo 1 4 ooo 1 6 o-o 1 6 oo- 1 8 -oo 1 8 oo- 1 9 -oo 1 9 o-o 2 5 ooo 2 7 ooo 2 6 ooo 2 4 ooo 2 8 ooo 2 9 ooo 3 9 --o 3 8 -o- 3 4 -oo 3 6 o-- 3 7 o-o 3 5 oo-,K1 Rb1 Dy1 Sb1 Cl6\n1.0\n   4.0050306892759897    6.9277885636994263    0.0000000000000000\n   4.0050306892759897   -6.9277885636994263    0.0000000000000000\n   0.0000000000000000   -4.6112777562726128   -6.5379527937691542\nK Rb Dy Sb Cl\n1 1 1 1 6\ndirect\n   0.9999577119595302    0.0000422880404698    0.9999744321850940 K\n   0.5000447790149477    0.4999552209850523    0.4999078001417477 Rb\n   0.2494781784945230    0.7505218215054770    0.7497016935798542 Dy\n   0.7494217972611296    0.2505782027388704    0.2495456985652414 Sb\n   0.0187537566837381    0.5186088547855757    0.5185342619917834 Cl\n   0.0179900905006212    0.9820099094993788    0.5180290135187077 Cl\n   0.4813712989138719    0.9815402210170874    0.9813479421917667 Cl\n   0.0184597789829126    0.5186287010861281    0.9813479421917667 Cl\n   0.4813911452144242    0.9812462433162620    0.5185342619917834 Cl\n   0.4809006876057145    0.5190993123942855    0.9807951824776384 Cl\n,1
3.0,K Ti F F F F F F 0 6 -oo 0 6 ooo 0 6 o-o 0 7 ooo 0 7 ooo 0 7 ooo 0 4 ooo 0 4 +oo 0 0 +oo 0 5 oo+ 1 5 -o- 1 5 o+- 1 4 -oo 1 4 ooo 1 5 oo- 1 3 ooo 1 2 oo- 1 6 o-o 2 2 oo- 2 3 ooo 2 7 ooo 2 3 +-o 2 3 ooo 2 4 oo+ 3 7 ooo 3 5 +oo 3 5 +oo 3 6 ooo,K1 Ti1 F6\n1.0\n   5.0170863563956019    0.0000000000000000    0.0000000000000000\n   2.4196203772283655    4.4205022391536595    0.0000000000000000\n   1.8704750743867169    1.6272786683294977    6.4328829658591102\nK Ti F\n1 1 6\ndirect\n   0.7608691203191402    0.6745116965758852    0.0769930830348100 K\n   0.2473838955794645    0.9421546224474950    0.5840457688175474 Ti\n   0.3788654858748978    0.6901199312641508    0.8347273098479747 F\n   0.1726553643480312    0.1283278706126136    0.2855136348480857 F\n   0.2390434412368995    0.2897129489640773    0.5966709246436880 F\n   0.5908788900167311    0.6592124647601345    0.4652750611602442 F\n   0.9337620991831967    0.0569065542466998    0.1354779964014705 F\n   0.8715077955204356    0.9543610676769951    0.6715906815496497 F\n,1
3.0,Dy Dy Al Al B B B B O O O O O O O O O O O O 0 13 -oo 0 12 -oo 0 11 ooo 0 9 o+o 0 16 oo- 0 19 ooo 1 18 o-o 1 12 o-o 1 17 ooo 1 14 +oo 1 15 ooo 1 8 ooo 2 8 ooo 2 17 oo+ 2 10 o+o 2 16 ooo 3 10 ooo 3 9 ooo 3 11 ooo 3 13 ooo 4 8 --- 4 19 --o 4 12 -o- 4 14 o-o 5 10 oo- 5 15 ooo 5 17 ooo 5 18 oo- 6 8 ooo 6 19 oo- 6 16 oo- 6 11 oo- 7 13 ooo 7 9 ooo 7 18 ooo 7 14 ooo,Dy2 Al2 B4 O12\n1.0\n   6.4458005170560355    0.0000000000000000    0.0000000000000000\n   0.9241586019370037    7.3768090739511658    0.0000000000000000\n   0.6272351879743274    2.4674146132160031    7.0288642828826866\nDy Al B O\n2 2 4 12\ndirect\n   0.9312644896481349    0.9098467963537947    0.8936207222400644 Dy\n   0.0606218416169787    0.4251514728003138    0.2784072232101038 Dy\n   0.6457722505343587    0.2780005755984859    0.0658905233831724 Al\n   0.7035572596104770    0.6332295328636670    0.6171320371010048 Al\n   0.3258611944740071    0.5149617892142253    0.6187650574644999 B\n   0.7162301394144669    0.6292550320824393    0.6462465287051219 B\n   0.2580666406840061    0.3210087165079983    0.9353231194409469 B\n   0.1889620921025727    0.2128294298908655    0.6758803639216591 B\n   0.8985359272079153    0.5763505812707993    0.4966719078404930 O\n   0.0841580064447638    0.1101897569240353    0.6084980348454476 O\n   0.6818482300190308    0.4576598408961078    0.8170404048748002 O\n   0.7173832965957750    0.0688894886948755    0.0172853757352318 O\n   0.7348336750034511    0.8065747670318821    0.6939623428827902 O\n   0.2490867052408937    0.5067054403282287    0.7969506236253915 O\n   0.0951029380714340    0.6952152281533610    0.0943977106524885 O\n   0.4643470963817999    0.6499051177882542    0.5244001753839795 O\n   0.1906572093601135    0.1802528534759413    0.8735584550585904 O\n   0.3499040920732932    0.2927476169371506    0.1001668178112540 O\n   0.7824673803866203    0.3696129397143664    0.1949505780403945 O\n   0.2942045059836750    0.3713378237792982    0.5491810188814150 O\n,1
3.0,Dy Dy Ga Ga O O O O O O 0 8 --o 0 8 ooo 0 6 ooo 0 6 oo+ 0 4 oo+ 0 4 ooo 1 5 -oo 1 5 o-o 1 9 oo- 1 9 ooo 1 7 ooo 1 6 ooo 2 9 ooo 2 8 +oo 2 6 ooo 2 4 o+o 2 4 oo+ 3 7 +oo 3 9 o+o 3 7 ooo 3 5 ooo 3 8 ooo,Dy2 Ga2 O6\n1.0\n   3.8707872448239224    0.0000000000000000    0.0000000000000000\n   0.6502414634805411    5.7954964418523307    0.0000000000000000\n   1.5262683837763908    2.0472230070753841    6.2478361082999676\nDy Ga O\n2 2 6\ndirect\n   0.2187779765238387    0.8117203164889362    0.1097081156781053 Dy\n   0.5722272360159633    0.1022279485243186    0.4504548141304066 Dy\n   0.1477757662704126    0.6251405267131229    0.6948418608367647 Ga\n   0.7297434329219865    0.3238216924107712    0.8845751432766066 Ga\n   0.4644817943496155    0.4357958572938795    0.1735664155148243 O\n   0.1125134783618762    0.8799060143284749    0.4320634833239045 O\n   0.4810237790777084    0.3469975924266900    0.6672615162058155 O\n   0.6939751233742876    0.0089026641652302    0.0842705881582069 O\n   0.0985316427000601    0.4074955076767860    0.3202956575535727 O\n   0.4147876595862152    0.8229613631528570    0.7706551124547181 O\n,1
3.0,Cs Cs Li Tl Br Br Br Br Br Br 0 9 ooo 0 9 oo+ 0 8 ooo 0 8 o+o 0 6 ooo 0 6 +oo 0 7 oo+ 0 7 +oo 0 4 oo+ 0 4 o+o 0 5 o+o 0 5 +oo 1 7 o-o 1 7 ooo 1 6 o-o 1 6 oo- 1 4 -oo 1 4 ooo 1 9 -oo 1 9 o-o 1 8 -oo 1 8 oo- 1 5 oo- 1 5 ooo 2 5 ooo 2 7 ooo 2 6 ooo 2 4 ooo 2 8 ooo 2 9 ooo 3 9 --o 3 8 -o- 3 4 -oo 3 6 o-- 3 7 o-o 3 5 oo-,Cs2 Li1 Tl1 Br6\n1.0\n  -3.9394847781971296    3.9394847781971301    5.5714176111278624\n   3.9394847781971296   -3.9394847781971301    5.5714176111278624\n   3.9394847781971305    3.9394847781971301   -5.5714176111278615\nCs Li Tl Br\n2 1 1 6\ndirect\n   0.4997888406517313    0.9997888406517313    0.5000000000000000 Cs\n   0.9997888406517313    0.4997888406517313    0.5000000000000001 Cs\n   0.2491003478851248    0.2491003478851248    0.0000000000000000 Li\n   0.7491664155665922    0.7491664155665922    0.0000000000000000 Tl\n   0.0015334344355939    0.4980755127908446    0.0000000000000000 Br\n   0.0011414864295975    0.0011414864295975    0.0000000000000000 Br\n   0.4980755127908445    0.0015334344355939    0.9999999999999999 Br\n   0.4980755127908446    0.4980755127908445    0.4965420783552506 Br\n   0.0015334344355939    0.0015334344355939    0.5034579216447495 Br\n   0.4974879442195075    0.4974879442195075    0.0000000000000000 Br\n,0
3.0,Li Li Si Si O O O O O O 0 8 --o 0 6 o-o 0 5 -o- 0 4 oo- 0 7 -oo 0 9 o-o 1 4 oo- 1 6 ooo 1 9 ooo 1 8 ooo 1 7 ooo 1 5 ooo 2 5 oo+ 2 4 o+o 2 8 +oo 2 6 o+o 2 9 o+o 2 7 +oo 3 6 o-o 3 8 -oo 3 4 o-o 3 7 oo- 3 9 -oo 3 5 oo-,Li2 Si2 O6\n1.0\n   5.0102187770440070    0.0000000000000000    0.0000000000000000\n  -1.3544720675498150    4.8605113836916818    0.0000000000000000\n  -2.0091429554535791   -2.2776300333078314    4.5167370027596467\nLi Si O\n2 2 6\ndirect\n   0.9908750890344542    0.7357790567035092    0.8419610651000597 Li\n   0.5926890223988752    0.3291191877619551    0.8262668295305207 Li\n   0.2777230111348392    0.6653673644191230    0.4587819480835285 Si\n   0.8900152002727104    0.0319618144112912    0.4306753165327367 Si\n   0.0547193713567311    0.4107882742847882    0.5529400441311426 O\n   0.5153284734855315    0.4774196031480892    0.5085439308256486 O\n   0.6131656753502044    0.9752216234672535    0.5305613395506313 O\n   0.7445450767518029    0.8420056574525185    0.0777083292042126 O\n   0.1681115558704264    0.9415983783737553    0.6291107958804909 O\n   0.0535979936331905    0.5165614756867515    0.1002404143425424 O\n,1
3.0,Zn Zn F F F 0 4 --o 0 4 -oo 0 4 o-o 0 4 ooo 0 2 -o- 0 2 -oo 0 3 oo- 0 3 ooo 1 2 o-- 1 3 o-o 1 3 oo- 1 3 ooo 1 2 ooo 1 2 o-o 1 2 oo-,Zn2 F3\n1.0\n   3.9120342841180444    0.0000000000000000    0.0000000000000000\n   0.7253013765140004    4.8353072987779697    0.0000000000000000\n   1.3397246903478064    1.6570596497864327    4.7899902329411246\nZn F\n2 3\ndirect\n   0.9635300859445902    0.0431153952370041    0.9061849943370260 Zn\n   0.8189943424834364    0.7949945117171275    0.6215937421048572 Zn\n   0.7157141072880105    0.0822703599739327    0.2718011099962643 F\n   0.4194341909831264    0.8044235207990548    0.9482563938283093 F\n   0.0224906438931833    0.4138789072037848    0.5930543186263152 F\n,1
3.0,Ca Ca H H H 0 2 --- 0 2 -oo 0 2 o-o 0 2 oo+ 0 3 oo- 0 3 o-- 0 3 ooo 1 3 +oo 1 4 -oo 1 4 ooo 1 4 o+o 1 4 ooo 1 2 o+o 1 2 oo+ 3 4 o-o,Ca2 H3\n1.0\n   3.5169886310154173    0.0000000000000000    0.0000000000000000\n   0.0777861052845772    3.5311624812936766    0.0000000000000000\n   0.0270589845983793    0.0353424143899799    5.8605467161186997\nCa H\n2 3\ndirect\n   0.9235539530014550    0.0227325474425969    0.0238918152894688 Ca\n   0.4336170329880998    0.5260720822292726    0.5176442046343561 Ca\n   0.9247921992315905    0.0022498325998772    0.4401299274233653 H\n   0.3688448951011553    0.4996184177352545    0.0947760414466130 H\n   0.4344632157098222    0.0271359496019384    0.7682538489938119 H\n,1
4.0,Li Li Co F F F F F 0 4 --o 0 4 -oo 0 5 o-o 0 3 ooo 1 7 ooo 1 6 ooo 1 3 ooo 1 5 ooo 2 6 --o 2 5 -o- 2 7 o-- 2 3 oo-,Li2 Co1 F5\n1.0\n   4.0204381011299377    0.0000000000000000    0.0000000000000000\n  -1.9544193823340927    5.2914236308842639    0.0000000000000000\n  -1.1127392392769517   -0.6613593683157472    5.9171629915058110\nLi Co F\n2 1 5\ndirect\n   0.0577384821272765    0.0005873795396925    0.0165024895229013 Li\n   0.0715430948645057    0.9763012562806966    0.5304339434739552 Li\n   0.8069964888548193    0.4629492565029157    0.0076861091173973 Co\n   0.9305918488474523    0.6912183423171135    0.7951447181882539 F\n   0.0681598760723031    0.9738023704538966    0.5280242156915084 F\n   0.0062310833629805    0.2637348790158606    0.1923000776110083 F\n   0.3907420299895804    0.1978608058672760    0.8333524429725184 F\n   0.8998204192311372    0.7508476762196216    0.2161554735910323 F\n,1
4.0,Ba Li Fe O O 0 4 o-o 0 4 +oo 0 4 ooo 0 4 o+o 0 3 +oo 0 3 ooo 0 3 o+o 1 3 ooo 1 3 -oo 1 4 ooo 1 4 o-o 1 4 ooo 2 4 -oo 2 3 o+- 2 3 o+- 2 3 o-o 2 3 ooo,Ba1 Li1 Fe1 O2\n1.0\n  -3.8390541329325711    0.0000000000000000    0.0000000000000000\n  -0.1886563916590035   -4.1007260314035436    0.0000000000000000\n   1.7557054794837028    1.7275709276384983    5.7994347020232215\nBa Li Fe O\n1 1 1 2\ndirect\n   0.9511765502156350    0.8400227848772257    0.8648826791305610 Ba\n   0.6186513459288459    0.4567782290204353    0.1949566989816263 Li\n   0.3109446334340725    0.1946232144533320    0.4884330112299703 Fe\n   0.4646157108955787    0.3314406975540642    0.8166840767103357 O\n   0.1433027697855556    0.3507552599486804    0.2303783698861658 O\n,1
4.0,Er Er Te Te F F F F F F F F 0 4 --o 0 10 ooo 0 5 --o 0 8 -oo 0 6 o-o 0 11 ooo 1 10 --o 1 9 ooo 1 7 -oo 1 4 o-o 1 5 oo- 1 8 ooo 2 6 ooo 2 10 ooo 2 11 ooo 2 7 ooo 3 9 ooo 3 4 ooo 3 5 ooo 3 6 ooo,Er2 Te2 F8\n1.0\n   4.2358091870911174    0.0000000000000000    0.0000000000000000\n   0.0768368412616532    6.7411431218651003    0.0000000000000000\n   1.2380293277923289    0.5126003891739755    9.7056090113883133\nEr Te F\n2 2 8\ndirect\n   0.1305082661025053    0.0161283898282383    0.9602550480668161 Er\n   0.0564104734997034    0.4947792171198440    0.2320455639098332 Er\n   0.7748995236948868    0.9252887700244240    0.6137041509621015 Te\n   0.3370374208938361    0.1147820557724438    0.4562452518739645 Te\n   0.5569433032002786    0.4591692032050677    0.2300784173297179 F\n   0.0917776613598046    0.7407023594037978    0.0894423453836518 F\n   0.9771368678219163    0.6332705257242363    0.4139861564973832 F\n   0.4411141816799187    0.1146106470534132    0.7778560278925410 F\n   0.6051310272524801    0.0174231875731021    0.0274415297040804 F\n   0.9483871721793808    0.8414720425759588    0.8076849369985157 F\n   0.4909182590180497    0.7075771347092819    0.6809232320791296 F\n   0.0959336610863923    0.2969710311948836    0.0578075760473665 F\n,1
4.0,Lu Lu S O O 0 4 oo- 0 4 +oo 0 4 oo- 0 3 o+o 0 2 +++ 0 2 ooo 0 2 +oo 0 2 o+o 0 2 ooo 1 4 --- 1 4 -oo 1 3 o-o 1 3 oo+ 1 3 ooo 1 2 oo+ 1 2 ooo 2 4 -oo 2 4 ooo 2 3 o++ 2 3 o++,Lu2 S1 O2\n1.0\n   3.6836042580684061    0.0000000000000000    0.0000000000000000\n   1.8288809795459797    3.2109858906272883    0.0000000000000000\n   0.0676851691529304    0.0047437516656497    6.5819021742361352\nLu S O\n2 1 2\ndirect\n   0.1581454323448545    0.6771735110372139    0.1761377651652895 Lu\n   0.5110959644998649    0.0206392105372388    0.7490337953455988 Lu\n   0.8451557061317508    0.3458391995019176    0.4621135873203007 S\n   0.1766478045066138    0.6801286025021246    0.8328977782062782 O\n   0.4972952742353510    0.0138844615562444    0.0906283270469195 O\n,0
4.0,Nd Nd Gd Cl O O O 0 6 -o- 0 6 oo- 0 6 --o 0 5 o-o 0 5 ooo 0 4 -oo 0 4 ooo 1 5 oo+ 1 5 ooo 1 5 o+o 1 4 ooo 1 3 ooo 1 3 o+o 2 3 oo+ 2 3 +oo 2 4 ooo 2 4 o+o 2 6 o-+ 2 6 +o+ 2 5 oo+ 2 5 ooo 3 6 --o 3 6 o-o 3 6 -oo 3 6 ooo 3 4 --o 3 4 -o- 4 5 ooo 4 5 o-- 4 6 ooo 4 6 oo-,Nd2 Gd1 Cl1 O3\n1.0\n   3.5919090321522744    0.0000000000000000    0.0000000000000000\n  -1.2947118956249903    6.2559282806613741    0.0000000000000000\n  -1.4031604219091047   -2.0037037453303075    7.7114092121691415\nNd Gd Cl O\n2 1 1 3\ndirect\n   0.3480166526900928    0.6920866499379063    0.7218352900867894 Nd\n   0.6693286657487451    0.6107354633832026    0.3094359018462353 Nd\n   0.5879782219146484    0.1466700635783595    0.6144289229599872 Gd\n   0.0913171123964586    0.7404783793448848    0.0580854928819580 Cl\n   0.9419674093919429    0.9505219592618536    0.7228070267249981 O\n   0.7218022702853849    0.4775304702915564    0.5613482685573142 O\n   0.2762225918840413    0.7957424200947284    0.4528317342347691 O\n,1
4.0,Li Li Al Al Al O O O O O O 0 7 ooo 0 7 o+o 0 9 ooo 1 10 o-o 1 5 -oo 1 5 -oo 1 5 -oo 2 6 o+o 2 8 o+o 2 6 ooo 2 7 oo- 3 9 ooo 3 5 oo- 3 8 o-o 3 7 +oo 4 6 oo+ 4 10 ooo 4 9 ooo 4 9 ooo,Li2 Al3 O6\n1.0\n  -3.0685609688907376    0.0000000000000000    0.0000000000000000\n   1.4165431073041423    5.6240271842669047    0.0000000000000000\n  -0.2080444307643648   -2.3021092728767756   -7.0050560905031150\nLi Al O\n2 3 6\ndirect\n   0.6974806857539627    0.7561077327694120    0.0566945023743837 Li\n   0.6005316188283755    0.7176776635453153    0.5725971050547904 Li\n   0.0241565448859393    0.4101661912652731    0.7438836965624307 Al\n   0.0013625774814128    0.4466109359077725    0.2815109708311088 Al\n   0.3590093841398108    0.0860718935101348    0.9096383250438431 Al\n   0.5769249443032468    0.6106719833141152    0.2736302359877829 O\n   0.5121742007977015    0.3971634314189451    0.8677989531658707 O\n   0.2150954393390498    0.7570447140992050    0.8728330893463775 O\n   0.9861888174896692    0.4485139520726774    0.5201793163329016 O\n   0.8823894133215263    0.1558891136158203    0.0880997612021076 O\n   0.8654081159527025    0.0546965048596827    0.7261234799131526 O\n,1
4.0,Ba Ba Ca Ca Ta Ta Nb O O O O O O O O O O O O 0 15 oo- 0 17 oo- 0 13 ooo 0 9 ooo 0 17 oo- 0 16 oo- 0 8 oo- 0 6 ooo 0 12 +oo 1 11 o-o 1 14 ooo 1 14 ooo 1 12 o-o 1 10 ooo 1 7 ooo 1 15 o-o 1 15 ooo 1 11 ooo 1 18 ooo 2 8 --o 2 10 -oo 2 17 -oo 2 9 ooo 2 10 -oo 2 7 ooo 2 18 -oo 2 16 o-o 2 13 o-o 2 16 ooo 3 15 --o 3 16 --o 3 14 -oo 3 9 o-o 3 7 ooo 3 16 ooo 3 12 --o 3 14 --o 3 11 -oo 4 7 o-o 4 17 ooo 4 18 ooo 4 18 ooo 4 18 ooo 4 10 ooo 4 6 --o 5 15 ooo 5 9 -o- 5 8 -oo 5 8 o-- 5 14 o-o 5 13 oo- 5 11 o-o 5 12 oo- 6 7 ooo 6 10 ooo 6 12 ooo 6 11 ooo 6 7 ooo 6 16 ooo 6 9 ooo 6 7 ooo 6 15 ooo,Ba2 Ca2 Ta2 Nb1 O12\n1.0\n   5.6519123081894556    0.0000000000000000    0.0000000000000000\n   2.5134165552828081    5.5156608070406961    0.0000000000000000\n   2.5675722267476258    0.6997567778928258    9.9678161704757269\nBa Ca Ta Nb O\n2 2 2 1 12\ndirect\n   0.6391829931665276    0.9191099249659417    0.1554168091152700 Ba\n   0.7076180847107809    0.0162463708171822    0.7876003854911597 Ba\n   0.9657831687152254    0.1364732007206154    0.3988140088141811 Ca\n   0.4383192951151541    0.5498853286189145    0.9411510338639988 Ca\n   0.9850048198442296    0.3467414509883754    0.0512690925342451 Ta\n   0.6516676429194277    0.7187573250478605    0.5350469514343056 Ta\n   0.2279648612164452    0.6051521202136363    0.3282776648232868 Nb\n   0.9520546577467837    0.6417939726202202    0.9468693573701014 O\n   0.0197525246698547    0.4533775255655954    0.4910268591994186 O\n   0.6054299385598293    0.5651905900192198    0.7108359570694947 O\n   0.8096716998584281    0.2397452351876980    0.9331973533844604 O\n   0.1986771115225920    0.8734640232933673    0.1907264986513615 O\n   0.3530499341506041    0.2093364288447591    0.9848785889814535 O\n   0.9823547597012879    0.4161754216916614    0.2228981951863597 O\n   0.8415841410889757    0.8250352891333906    0.3576247851329761 O\n   0.6209905877747046    0.0317421957565214    0.5700444301766743 O\n   0.5056991487108053    0.3637262906094759    0.2234213456994185 O\n   0.7826065477685473    0.2239450808143661    0.9930478142752046 O\n   0.3618059278880603    0.7238608344423025    0.4554501619684089 O\n,1
4.0,Li Li Li Li I I 0 2 --+ 0 2 o-+ 0 4 ooo 0 3 -o+ 0 5 oo+ 0 5 o-+ 0 3 oo+ 0 1 oo+ 1 4 o-o 1 4 ooo 1 5 +oo 1 5 ooo 1 3 -oo 1 3 ooo 1 2 o-o 1 2 ooo 2 5 ooo 2 5 o+o 2 5 +o- 2 5 +oo 2 4 ooo 3 4 o+- 3 4 ooo 3 5 o+- 3 4 +o- 3 4 oo-,Li4 I2\n1.0\n   4.5349650638712804    0.0000000000000000    0.0000000000000000\n   0.3832952169436087    6.0158901408508498    0.0000000000000000\n   1.3005303391662417    1.0361980334851488    6.9457556432426761\nLi I\n4 2\ndirect\n   0.9337695442429286    0.9498487722314197    0.0155930222102650 Li\n   0.5446032112291570    0.3725869836386594    0.2387337185650392 Li\n   0.8526161892487862    0.6986591550058883    0.5182957492400819 Li\n   0.9483292333813467    0.1800630623314228    0.5646782908907597 Li\n   0.3673707807006706    0.8882656554519357    0.2730105579969763 I\n   0.9145898798444270    0.4389344618429363    0.8783640942813370 I\n,1
4.0,Si Si Si Si Si Si N N N N N N N N 0 13 oo+ 0 6 o+o 0 7 ooo 0 8 ooo 1 8 ooo 1 9 ooo 1 7 +oo 1 11 +o- 2 9 ooo 2 13 ooo 2 10 ooo 2 6 oo- 3 7 ooo 3 10 -oo 3 12 ooo 3 11 ooo 4 7 oo+ 4 6 ooo 4 8 +oo 4 9 ooo 5 10 oo- 5 12 ooo 5 13 ooo 5 6 ooo,Si6 N8\n1.0\n   4.9689912619867469    0.0000000000000000    0.0000000000000000\n  -0.7915122545603032    6.4805779279463946    0.0000000000000000\n  -0.2697408062824266   -3.0984621957088385    6.0872028159012253\nSi N\n6 8\ndirect\n   0.9492142459263672    0.9257297661708848    0.9882972734482434 Si\n   0.2145193455437367    0.1234267306029920    0.3337033327098046 Si\n   0.0037185553874663    0.5534062960611665    0.6889666355705582 Si\n   0.6545711090930098    0.3190226076515083    0.2636194779636025 Si\n   0.6304042920662449    0.2079204849018997    0.8016486312715285 Si\n   0.1940176482180597    0.6221502727169264    0.3871677465693967 Si\n   0.7133291600547943    0.7119544524780053    0.0152687970735209 N\n   0.5709876884642474    0.1181753146775100    0.3714091622751350 N\n   0.7574246424282509    0.1575087098409707    0.0038566595854730 N\n   0.3252174390522173    0.3735309029789249    0.2835598664577229 N\n   0.7480655019691551    0.5111648668308565    0.8612319664003505 N\n   0.0135554343278712    0.2330784640462194    0.5671069834465781 N\n   0.8742277763970817    0.5607569387393886    0.4452998972141109 N\n   0.7408226960754342    0.1148204253695021    0.5333077806956782 N\n,1
4.0,K Ho O O 0 2 o-o 0 2 -oo 0 2 oo- 0 3 --o 0 3 o-- 0 3 -o- 1 3 o-o 1 3 -oo 1 3 oo- 1 2 oo+ 1 2 +oo 1 2 o+o,K1 Ho1 O2\n1.0\n   6.2971384890650475   -1.7347739437807312    0.0000000000000000\n   6.2971384890650475    1.7347739437807312    0.0000000000000000\n   5.8192324304248526    0.0000000000000000    2.9664672098603497\nK Ho O\n1 1 2\ndirect\n   0.0000000000000000    0.0000000000000000    0.0000000000000000 K\n   0.4999999999999998    0.4999999999999998    0.4999999999999998 Ho\n   0.2283267968705558    0.2283267968705558    0.2283267968705557 O\n   0.7716732031294443    0.7716732031294443    0.7716732031294443 O\n,0
4.0,Al Al Cr Cr O O O O O O 0 5 -oo 0 4 ooo 0 7 ooo 0 6 ooo 1 9 o-o 1 9 ooo 1 4 o-o 1 8 ooo 2 9 oo+ 2 5 ooo 2 7 ooo 2 6 ooo 2 8 ooo 2 4 oo+ 2 6 ooo 3 5 oo+ 3 5 ooo 3 7 ooo 3 6 +-o 3 8 +oo 3 9 ooo 3 4 -oo,Al2 Cr2 O6\n1.0\n   3.2668314958195488    0.0000000000000000    0.0000000000000000\n  -0.0553434511403905    6.5241019671749481    0.0000000000000000\n  -0.1677660070801338   -2.0774354697936595    6.3148094711125342\nAl Cr O\n2 2 6\ndirect\n   0.2744848230787262    0.1463936206357944    0.0093653244714833 Al\n   0.7544397139976136    0.8374884103802610    0.7104197914246135 Al\n   0.3211675643189234    0.7089526840157244    0.2039063426063234 Cr\n   0.3249002192110154    0.7207526022344236    0.1766918452383565 Cr\n   0.4114824995250980    0.0130722170570506    0.2080897766770914 O\n   0.7536201539275413    0.1218731931499162    0.8598823443346028 O\n   0.2570839284951725    0.7810684714640740    0.7700977324992382 O\n   0.8065715656298514    0.6595510668196646    0.0151964418478267 O\n   0.7238164128837292    0.7768859828115043    0.4241123518568530 O\n   0.2806637888860353    0.4177908734921590    0.1787614934412944 O\n,1
4.0,La B B B B B O O O O O O O O 0 8 ooo 0 8 -oo 0 13 -oo 0 9 ooo 0 11 o-o 0 12 oo- 0 6 ooo 0 13 ooo 1 11 --o 1 9 ooo 1 10 ooo 1 10 -oo 1 7 o-o 1 6 ooo 2 11 ooo 2 12 ooo 3 12 ooo 3 13 ooo 3 7 ooo 3 8 ooo 4 6 ooo 4 9 ooo 4 13 ooo 4 12 ooo 5 11 ooo 5 10 ooo 5 10 ooo 5 6 ooo,La1 B5 O8\n1.0\n   4.1852491908011000    0.0000000000000000    0.0000000000000000\n   1.6749151763513179    8.1603658355920476    0.0000000000000000\n   0.4976418446736792    0.2275907526322226    9.3875260748314080\nLa B O\n1 5 8\ndirect\n   0.3459668605295150    0.8709190461870919    0.0087904433014588 La\n   0.1956000052467222    0.2211760827278307    0.8010526347933853 B\n   0.1290242482245549    0.3847918579055276    0.5594627601618984 B\n   0.3711077998515704    0.2509334693341205    0.2992469554748630 B\n   0.3360350302580765    0.4476176747524707    0.9463188193382350 B\n   0.4046486887826859    0.2183356691192559    0.3071971469653697 B\n   0.6712058913561424    0.2795800865798227    0.2858737164152255 O\n   0.2358013778358973    0.2472602770463845    0.4368422938030397 O\n   0.8167607625143342    0.9160950420325923    0.0824749715837090 O\n   0.0783667996047841    0.2964677927974988    0.6746779660154136 O\n   0.1873281075732132    0.3331921962821753    0.9179047608480901 O\n   0.2883223958772092    0.0645373442183278    0.8255013181116869 O\n   0.4621372822706686    0.5552359706894103    0.9974959431114232 O\n   0.2456544476697643    0.1714967195420861    0.2039600491582461 O\n,1
4.0,Rb Rb Ga Tl F F F F F F 0 6 ooo 0 6 ooo 0 9 ooo 0 8 ooo 0 4 ooo 0 4 ooo 1 9 ooo 1 5 o+o 1 7 oo+ 1 8 o+o 1 7 ooo 1 6 +oo 1 9 o+o 1 5 +oo 1 4 oo+ 1 4 o+o 1 5 ooo 1 6 +oo 1 8 ooo 1 8 oo+ 1 7 ooo 1 7 +oo 1 6 ooo 1 4 oo+ 2 8 oo- 2 7 ooo 2 6 o-o 2 9 ooo 2 5 ooo 2 4 ooo 3 4 --o 3 5 -o- 3 9 -oo 3 6 o-- 3 7 o-o 3 8 oo-,Rb2 Tl1 Ga1 F6\n1.0\n   5.1336851460463890    0.0000000000000000    0.0000000000000000\n   0.2554653219016364    6.1101477011496979    0.0000000000000000\n   0.4666588434687533    0.6655801464154052    6.7628869437550074\nRb Tl Ga F\n2 1 1 6\ndirect\n   0.9449531408777583    0.6423362144779650    0.8949455662589449 Rb\n   0.8540346731012689    0.1264946339998737    0.3578280057804821 Rb\n   0.4399128402031948    0.1398121818839084    0.8709245019544598 Tl\n   0.3791298534900407    0.5905298838963614    0.3456907119906878 Ga\n   0.8815533807936673    0.1697445905704953    0.9524738871427505 F\n   0.4094475263903093    0.4051573016850882    0.1342391409472090 F\n   0.2292266114201412    0.8115461605687200    0.1703886475686591 F\n   0.7384482632816138    0.5934931217036405    0.3572541268717334 F\n   0.2529340621973829    0.3521872237654236    0.5090740085170489 F\n   0.2757909307347458    0.7694441718028253    0.5488484530104509 F\n,1
4.0,Ba Zn Si Si Si O O O O O O O O O 0 11 --- 0 10 --o 0 10 -o- 0 9 --- 0 9 -oo 0 9 o-- 0 5 o-o 0 5 o-- 0 5 -o- 0 8 oo- 0 6 -oo 0 4 ooo 1 4 ooo 1 8 o-o 1 8 ooo 1 12 ooo 1 7 o-o 1 5 o-o 1 13 ooo 1 11 o-o 1 10 ooo 2 6 -oo 2 6 -oo 2 13 ooo 2 12 ooo 2 9 ooo 2 11 ooo 3 7 ooo 3 5 ooo 3 13 ooo 4 11 ooo 4 12 ooo 5 10 ooo 5 13 ooo,Ba1 Zn1 Si3 O9\n1.0\n   4.9687424543977965    0.0000000000000000    0.0000000000000000\n   2.2946947095248995    4.4296700152059083    0.0000000000000000\n   2.3667765647050869    1.1730222804874553   11.3628122257545190\nBa Zn Si O\n1 1 3 9\ndirect\n   0.1999047702039881    0.7186722746618821    0.8553782124923419 Ba\n   0.9825076168688561    0.7785021595143575    0.1541164710612734 Zn\n   0.4267357101505106    0.1751946203217629    0.6033558489032113 Si\n   0.4226992553479214    0.0915904134263472    0.0623967376419293 Si\n   0.8594482036954321    0.4997366653235787    0.6193090799071153 Si\n   0.4764547589419907    0.9549682281389145    0.5005789710525120 O\n   0.6567389759034625    0.8198229118414875    0.6806075116869496 O\n   0.6456795524902390    0.0414488499974207    0.9363491178218707 O\n   0.5587932957579363    0.9086847435709720    0.1851515969294436 O\n   0.1126330185900627    0.2555026114632737    0.7127092956243742 O\n   0.6423544645647528    0.3473345136786306    0.6060838541958788 O\n   0.1537785035113273    0.4758713855553768    0.5169270362912387 O\n   0.1498410680330492    0.0194388995456030    0.0406011258413183 O\n   0.2852035889255272    0.4502677429959444    0.0791338395559944 O\n,1
4.0,Gd Gd Gd Gd Tm Tm In In O O O O O O O O O O O O 0 17 o-o 0 19 ooo 0 18 ooo 0 13 o-o 0 16 ooo 0 12 +oo 0 14 +-o 0 10 +oo 1 16 ooo 1 12 ooo 1 9 ooo 1 11 ooo 1 15 ooo 1 8 ooo 1 17 ooo 1 19 ooo 2 14 ooo 2 8 ooo 2 15 oo+ 2 13 ooo 2 10 ooo 2 11 ooo 3 18 oo+ 3 9 ooo 3 12 ooo 3 18 oo+ 3 13 o+o 3 17 ooo 4 8 o-o 4 19 oo- 4 17 ooo 4 8 o-- 4 16 oo- 4 11 o-o 4 10 ooo 5 14 ooo 5 15 oo- 5 19 ooo 5 18 oo- 5 9 ooo 5 11 +o- 5 10 ooo 6 12 --o 6 18 --o 6 13 -o- 6 8 o-o 6 15 ooo 6 16 ooo 7 11 -oo 7 19 -oo 7 10 -oo 7 14 ooo 7 17 ooo 7 17 ooo 7 18 ooo 7 9 ooo,Gd4 Tm2 In2 O12\n1.0\n   5.4936870791334762    0.0000000000000000    0.0000000000000000\n   0.6053468520230966    9.0749663570406316    0.0000000000000000\n   0.9581187552574792    2.8375513422043599   10.3694041475497318\nGd Tm In O\n4 2 2 12\ndirect\n   0.8111996364395455    0.8771297572880503    0.0503924576483805 Gd\n   0.7308116643126201    0.5051543934999533    0.0813820375587180 Gd\n   0.2265392106663942    0.1859399732058387    0.0674784790831158 Gd\n   0.6112366906189288    0.1263611564652063    0.2760085947987095 Gd\n   0.9007507995136880    0.8668017467286162    0.7646513063405047 Tm\n   0.5312222688649288    0.7205907491900200    0.3849033408576266 Tm\n   0.9886142936517900    0.8687242632976424    0.4563004272708582 In\n   0.0152882985522769    0.1916781111502762    0.4530849948171831 In\n   0.5253007888223741    0.9257892881756924    0.7826041468055551 O\n   0.8924429581434657    0.6947539493296074    0.9382484025031834 O\n   0.6944062317657651    0.6712810449175285    0.1921439085027465 O\n   0.6175316029932503    0.9225467049095217    0.4481916282904621 O\n   0.4362976672624489    0.3411301023443681    0.9553361384148640 O\n   0.4547555059162230    0.9791184142684843    0.1763052697129894 O\n   0.6384391441156266    0.9807072357524522    0.8771315695641990 O\n   0.1838714918808696    0.7418432015159940    0.6829249648319498 O\n   0.8529414545833998    0.2572439383385537    0.1211952517519210 O\n   0.5855600574615532    0.4799824373775957    0.4685695298464596 O\n   0.1939463186700729    0.9117284302206285    0.6027566866202192 O\n   0.3535643698874796    0.5507281019929834    0.5211513262958236 O\n,1
4.0,Rb Rb Zn F F F F 0 6 oo- 0 6 o+o 0 6 +oo 0 6 +++ 0 3 oo- 0 3 o+o 0 3 +oo 0 3 oo- 0 4 +oo 0 4 oo- 0 4 o+o 0 5 oo- 0 5 +oo 1 5 oo- 1 5 o+o 1 5 oo- 1 4 +oo 1 4 ooo 1 4 +++ 1 4 oo- 1 6 +oo 1 6 ++o 1 3 +oo 1 3 oo- 1 3 o+o 1 6 --- 1 5 -oo 1 4 o-o 2 4 oo+ 2 3 ooo 2 3 --o 2 3 -oo 2 3 o-o 2 5 ooo,Rb2 Zn1 F4\n1.0\n  -4.9454417317095549    0.0000000000000000    0.0000000000000000\n  -0.0482239223000100   -5.5827959884435456    0.0000000000000000\n   1.3664716373961077    0.9546692968729010    5.6168822359346828\nRb Zn F\n2 1 4\ndirect\n   0.5841526547376366    0.6883749872462105    0.3845078231712951 Rb\n   0.2975266949637980    0.3138641886242137    0.7331049121835391 Rb\n   0.9011977603741209    0.0984603186872945    0.2261057110270492 Zn\n   0.0653306903180293    0.3479091995320296    0.1176248538632267 F\n   0.5530435391318100    0.9549074647026476    0.0121017236880869 F\n   0.6811888037122813    0.2535343407874660    0.4879268165943209 F\n   0.0964956408479054    0.9016573768536731    0.4471985716124913 F\n,1
4.0,Mg Mg Cr Cr F F F F F F F F 0 6 ooo 0 4 ooo 0 8 ooo 0 11 ooo 0 5 ooo 0 9 ooo 1 7 --o 1 10 -oo 1 10 -o+ 1 5 o-o 1 9 ooo 1 4 ooo 2 8 ooo 2 6 ooo 2 7 ooo 2 5 ooo 2 10 ooo 2 9 ooo 3 5 oo- 3 7 oo- 3 11 ooo 3 4 o+o 3 6 oo- 3 8 ooo,Mg2 Cr2 F8\n1.0\n   5.2772016957155925    0.0000000000000000    0.0000000000000000\n  -2.3721776848946194    5.0325617131514591    0.0000000000000000\n  -0.2274378853418711   -1.4308536170888138    6.1836952402461378\nMg Cr F\n2 2 8\ndirect\n   0.9699756152430334    0.0004003527858358    0.8578881995060772 Mg\n   0.4472682136094829    0.9151510198744153    0.0941873156392282 Mg\n   0.9522947161847242    0.9268656574982812    0.3495095992346653 Cr\n   0.6532846498605389    0.4048842665143033    0.7048761470731936 Cr\n   0.3976715103770673    0.1636871569210141    0.8905240490213983 F\n   0.5408738222683316    0.7076256524526541    0.2688352460642539 F\n   0.9546302508314259    0.7274623251103465    0.5938428231405019 F\n   0.5484272675256624    0.7195041632191352    0.8271181322574389 F\n   0.8774104392015670    0.1474321041130406    0.1340412661869339 F\n   0.0332005353557176    0.7340863978370490    0.0183434302339566 F\n   0.3777079624883743    0.1332306129567055    0.3703397959007095 F\n   0.8949175141391077    0.2015320035976144    0.6658678144953672 F\n,1
4.0,K Na Na Na P P O O O O O O O O 0 8 ooo 0 12 ooo 0 11 o+o 0 9 o+o 0 13 ooo 0 7 +oo 0 6 ooo 0 3 oo+ 1 6 ooo 1 6 oo+ 1 2 o+o 1 2 +oo 1 10 ++o 1 3 ooo 1 13 ooo 2 12 ooo 2 11 ooo 2 7 o-o 2 7 oo- 3 11 -oo 3 8 ooo 3 10 ooo 3 9 ooo 4 10 -oo 4 6 ooo 4 13 ooo 5 7 oo+ 5 12 o-o 5 11 ooo 5 9 ooo,K1 Na3 P2 O8\n1.0\n   4.8649572909060170    0.0000000000000000    0.0000000000000000\n   2.2343482905572181    4.5953415548180709    0.0000000000000000\n   0.9379233518597543    0.5877152933836852    9.7562058043194106\nK Na P O\n1 3 2 8\ndirect\n   0.8523385658425574    0.2106838780322979    0.0137505003389872 K\n   0.8410657893629043    0.2421443298923853    0.0288403958876184 Na\n   0.1280081154792428    0.6216225688230328    0.6420420632913375 Na\n   0.1411827477598828    0.6676504695091490    0.6345814303832324 Na\n   0.4860433803068457    0.7860331132591998    0.3115438133226718 P\n   0.5000559142499625    0.9988286163579093    0.8219550531492248 P\n   0.4820723841845493    0.6841034381520976    0.8584793323954135 O\n   0.3168627665694266    0.1337860646205118    0.6952822517820960 O\n   0.4970522780413989    0.6228409226491844    0.1644290761868847 O\n   0.3528399228634683    0.1576201625789733    0.9541300925992630 O\n   0.8408028059159756    0.9311718674284852    0.8098863858169318 O\n   0.8176998869581383    0.5825472292891183    0.2134728933332193 O\n   0.6192029654436508    0.5346843890597947    0.7270166032714229 O\n   0.4219971069642847    0.6067278469363260    0.4329434427493910 O\n,1
4.0,La La B B O O O O O O 0 4 ooo 0 5 oo+ 0 8 +oo 0 6 ooo 0 9 +oo 0 7 oo+ 1 4 oo- 1 8 -oo 1 5 oo- 1 9 o-o 1 6 -oo 1 7 -oo 1 5 oo- 1 9 ooo 2 7 --o 2 6 ooo 2 4 o-o 2 8 -oo 2 5 o-o 2 7 -oo 3 6 ooo 3 8 ooo 3 4 ooo 3 9 ooo,La2 B2 O6\n1.0\n   3.5842052914285425    0.0000000000000000    0.0000000000000000\n  -1.7544367370224061   -6.1840534360768400    0.0000000000000000\n  -1.5582622479331421    0.2788132015898737   -6.6144494599345753\nLa B O\n2 2 6\ndirect\n   0.8734758938634063    0.1195608495052893    0.2906034889919917 La\n   0.3193704221682496    0.7433883290872496    0.6585497335859314 La\n   0.4791577750567247    0.5640212455382028    0.2296298304890493 B\n   0.6918993514217420    0.2254340317861417    0.7669613230579392 B\n   0.7376762073905226    0.4271112197989270    0.7363736045592155 O\n   0.6856959543095422    0.0697885197914233    0.8923181397578949 O\n   0.6989296117318615    0.7026801790007848    0.3757603905987159 O\n   0.4393266159034024    0.0856453689611669    0.5266054450213826 O\n   0.6662322522479840    0.7174137545928532    0.3721734006222283 O\n   0.4585549946388020    0.3618763324067101    0.1801097165255454 O\n,1
4.0,La La Mo W O O O O O O O O 0 5 -oo 0 8 -oo 0 6 -oo 0 11 o+o 0 4 oo- 0 9 ooo 0 10 oo- 0 11 o+o 1 9 --- 1 10 --o 1 7 -oo 1 8 o-- 1 4 oo- 1 5 ooo 1 9 oo- 1 7 ooo 2 5 ooo 2 10 ooo 2 11 ooo 2 4 ooo 3 6 --o 3 8 -oo 3 7 o-o 3 6 ooo,La2 Mo1 W1 O8\n1.0\n   3.9653558915164115    0.0000000000000000    0.0000000000000000\n  -1.8825308285484921    6.7203282919420726    0.0000000000000000\n  -0.0394327452000125   -0.1019400844178882    7.3695891233458477\nLa Mo W O\n2 1 1 8\ndirect\n   0.8884490670938748    0.0426850500548597    0.9037891033594221 La\n   0.3346336339576531    0.9361426755179949    0.3908761235466815 La\n   0.1915076761201480    0.6356648239880307    0.8988088969021124 Mo\n   0.0325742961617150    0.3510892756320471    0.4311842204820267 W\n   0.3210952968070315    0.9097452961876398    0.7093919701883680 O\n   0.5147949216380404    0.3172592931521430    0.4208801705028051 O\n   0.0387564433907654    0.3551061872879659    0.6803431115617996 O\n   0.7117046296656001    0.6792982527280647    0.8725298479455909 O\n   0.3160001286235710    0.8918019179092472    0.0590320506677422 O\n   0.0794945892438350    0.4075053476442707    0.0262590042967725 O\n   0.1439923022959870    0.6036702564601830    0.3564929456804358 O\n   0.9078433729631000    0.0922178623496117    0.2968135212798618 O\n,1
4.0,Cs Rb Li Al F F F F F F 0 8 ooo 0 8 o+o 0 4 oo+ 0 4 o+o 0 6 ooo 0 6 +oo 0 5 o+o 0 5 +oo 0 7 oo+ 0 7 +oo 0 9 ooo 0 9 oo+ 1 5 oo- 1 5 ooo 1 7 o-o 1 7 ooo 1 4 -oo 1 4 ooo 1 6 o-o 1 6 oo- 1 8 -oo 1 8 oo- 1 9 -oo 1 9 o-o 2 5 ooo 2 7 ooo 2 6 ooo 2 4 ooo 2 8 ooo 2 9 ooo 3 9 --o 3 8 -o- 3 4 -oo 3 6 o-- 3 7 o-o 3 5 oo-,Cs1 Rb1 Li1 Al1 F6\n1.0\n   5.9479477597623198    0.0000000000000000    0.0000000000000000\n   2.9590609452386105    5.1616528832165880    0.0000000000000000\n   2.9446133315291387    1.7015887489587727    4.8896609438528191\nCs Rb Li Al F\n1 1 1 1 6\ndirect\n   0.9995978303567468    0.0013700216079869    0.0189050743676536 Cs\n   0.4981156202428769    0.5044862454425841    0.5267897101366705 Rb\n   0.7496954201903083    0.7507491411409665    0.7789138364559937 Li\n   0.2492177337850309    0.2525926893732596    0.2749952863412027 Al\n   0.0284098466220899    0.0321769751507468    0.4932623537713393 F\n   0.0251544163501090    0.4747338732248700    0.0524582791417695 F\n   0.4700203300912078    0.4728962463924334    0.0563714297160573 F\n   0.0302862953171921    0.4733166922526320    0.4939117765300816 F\n   0.4709159570064964    0.0292030829131701    0.0531089166301355 F\n   0.4700742495650616    0.0342739228318073    0.4932610765747991 F\n,1
4.0,Cs Cs Li In Br Br Br Br Br Br 0 9 ooo 0 9 oo+ 0 8 ooo 0 8 o+o 0 6 ooo 0 6 +oo 0 7 oo+ 0 7 +oo 0 4 oo+ 0 4 o+o 0 5 o+o 0 5 +oo 1 7 o-o 1 7 ooo 1 6 o-o 1 6 oo- 1 4 -oo 1 4 ooo 1 9 -oo 1 9 o-o 1 8 -oo 1 8 oo- 1 5 oo- 1 5 ooo 2 5 ooo 2 7 ooo 2 6 ooo 2 4 ooo 2 8 ooo 2 9 ooo 3 9 --o 3 8 -o- 3 4 -oo 3 6 o-- 3 7 o-o 3 5 oo-,Cs2 Li1 In1 Br6\n1.0\n  -3.9049901846704422    3.9049901846704427    5.5218207823896268\n   3.9049901846704422   -3.9049901846704427    5.5218207823896268\n   3.9049901846704431    3.9049901846704427   -5.5218207823896259\nCs Li In Br\n2 1 1 6\ndirect\n   0.0000667873468539    0.5000667873468539    0.5000000000000000 Cs\n   0.5000667873468538    0.0000667873468538    0.5000000000000000 Cs\n   0.2507858495705088    0.2507858495705088    0.0000000000000000 Li\n   0.7507704279668508    0.7507704279668509    0.0000000000000000 In\n   0.9970406453408168    0.9970406453408169    0.4940390701821880 Br\n   0.5033845323734981    0.5033845323734982    0.0000000000000000 Br\n   0.5030015751586290    0.5030015751586290    0.5059609298178120 Br\n   0.5030015751586290    0.9970406453408169    0.0000000000000000 Br\n   0.9970406453408169    0.5030015751586289    0.0000000000000000 Br\n   0.9976819423220605    0.9976819423220605    0.0000000000000000 Br\n,0
4.0,Na Na Na Na Ho Ho Ta Ta O O O O O O O O O O 0 9 -oo 0 10 -o- 0 12 -oo 0 13 ooo 0 17 oo- 0 14 ooo 1 11 o-o 1 16 ooo 1 8 ooo 1 12 o-o 1 10 oo- 1 17 ooo 2 13 ooo 2 11 oo- 2 9 ooo 2 14 ooo 2 16 o+o 2 12 o+o 3 10 -oo 3 15 -oo 3 8 -oo 3 14 ooo 3 17 ooo 3 16 ooo 4 14 o-o 4 9 ooo 4 16 ooo 4 12 o-o 4 11 ooo 4 10 o-o 5 15 ooo 5 8 ooo 5 13 o-o 5 17 ooo 5 9 ooo 5 11 ooo 6 16 --o 6 8 -oo 6 15 -oo 6 13 o-o 6 8 o-o 6 14 ooo 7 10 -o- 7 16 -o- 7 11 -oo 7 9 oo- 7 15 ooo 7 17 ooo,Na4 Ho2 Ta2 O10\n1.0\n   3.2661808392008589    0.0000000000000000    0.0000000000000000\n  -0.7861148485648570    8.4503824287800260    0.0000000000000000\n  -1.1738885950944458   -0.2606966506660746   11.4973803525835834\nNa Ho Ta O\n4 2 2 10\ndirect\n   0.6169656894407863    0.5687875638875244    0.8313940100111132 Na\n   0.1708473445893756    0.8620300434710924    0.3001548249478369 Na\n   0.6580915659308773    0.1626419207362189    0.3901415696256324 Na\n   0.0255284980282604    0.5288497997222245    0.1931836050369428 Na\n   0.4196670864466136    0.5472960234887208    0.4253350151047343 Ho\n   0.0826356378294603    0.8873860248070815    0.6140015160734946 Ho\n   0.5276642271699752    0.8843123064701088    0.0351487208385138 Ta\n   0.6711454147926904    0.1695072831823443    0.8640890362574435 Ta\n   0.6284807951437337    0.6830085001542923    0.2878513001256215 O\n   0.9915179954637116    0.6403511613304920    0.5583543564582744 O\n   0.0131577097757960    0.0106866850529149    0.9408368682141964 O\n   0.0282828213779421    0.7419599890440844    0.0493026828233870 O\n   0.5793291120885261    0.0257549452177341    0.1497742393790098 O\n   0.5872514370536103    0.0637015442733466    0.7268385424682438 O\n   0.0821738549325971    0.8849086729786393    0.6185839315344994 O\n   0.8840263108085801    0.3994661661359398    0.3699189657225634 O\n   0.2118068387617797    0.0182111372312308    0.4724421726043544 O\n   0.1983656340665548    0.3086883881565031    0.8631230264783092 O\n,1
1.0,V V Cr Cr O O O O O O O O 0 9 ooo 0 5 oo- 0 11 oo- 0 6 ooo 0 8 oo- 0 4 ooo 1 6 -oo 1 10 ooo 1 7 ooo 1 5 ooo 1 9 o+o 1 11 ooo 2 8 ooo 2 5 ooo 2 4 +oo 2 7 ooo 2 10 +oo 2 9 o-o 2 11 ooo 3 4 ooo 3 7 oo- 3 5 ooo 3 10 o+- 3 6 o+o 3 8 ooo 3 4 o+o,V2 Cr2 O8\n1.0\n  -5.3415615864267867    0.0000000000000000    0.0000000000000000\n   1.6937959313662470    5.1780109937179333    0.0000000000000000\n  -0.2405312377964299   -0.8591219764910726   -6.5228360284834919\nV Cr O\n2 2 8\ndirect\n   0.8117357269955949    0.8676545449777470    0.0154302698734469 V\n   0.3999566151132660    0.9928999665410587    0.8394071748484931 V\n   0.4658097498708041    0.1084074029492623    0.3114092952116382 Cr\n   0.5925041128033024    0.6809328893492235    0.5338348719350685 Cr\n   0.7041408559783304    0.1616585487427978    0.0130942839701187 O\n   0.0061385735495633    0.8523834192725648    0.7370830404302451 O\n   0.6818603031857228    0.7932770027090505    0.2537345767220160 O\n   0.2012060983909980    0.0354855604468817    0.0727422561905863 O\n   0.9190565754760102    0.6293400997298864    0.5826178851890653 O\n   0.3454557203439310    0.3910858997055894    0.4239819937629884 O\n   0.5431602688141901    0.0586413726003441    0.5943281654021935 O\n   0.4902268026665169    0.6835854943848581    0.8385013145238146 O\n,1
1.0,Mn Mn Mn Mn Ga Ga Ga Ga Te Te Te Te Te Te Te Te 0 15 --- 0 9 -o- 0 12 ooo 0 8 o-- 0 14 o-o 0 13 ooo 1 11 o-- 1 13 o-o 1 10 -oo 1 9 ooo 1 8 ooo 1 12 ooo 2 11 o-o 2 13 ooo 2 10 ooo 2 10 o-o 2 14 o-o 2 15 ooo 3 8 ooo 3 12 ooo 3 14 ooo 3 10 ooo 3 9 oo- 3 11 ooo 4 8 -oo 4 15 -oo 4 12 ooo 4 14 ooo 4 10 o-o 4 11 ooo 5 9 --o 5 13 --o 5 8 -oo 5 15 o-o 5 9 ooo 5 11 ooo 6 14 ooo 6 15 oo- 6 10 ooo 6 14 oo- 6 13 ooo 6 13 oo- 7 12 --o 7 15 -oo 7 8 -oo 7 9 o-o 7 11 o-o 7 10 ooo,Mn4 Ga4 Te8\n1.0\n   6.7563856395050657    0.0000000000000000    0.0000000000000000\n  -2.3164524668949409    6.4762463091595412    0.0000000000000000\n  -3.2239247681902166   -1.2042066518294423   10.2859078240045463\nMn Ga Te\n4 4 8\ndirect\n   0.8322879505264026    0.8091108466712937    0.1404954606634043 Mn\n   0.6277621064677289    0.3287496086127007    0.2050979511649358 Mn\n   0.7992396698359370    0.9240086479225893    0.7096881604210408 Mn\n   0.3197401554739070    0.6232224191078242    0.2006727457270991 Mn\n   0.7431790304238775    0.5324876594226460    0.6371377184370863 Ga\n   0.4483899476491127    0.6185682668810235    0.7453853918945664 Ga\n   0.2449209760550930    0.0157385524464204    0.1258185952869017 Ga\n   0.0469082233189497    0.9039267426101931    0.5528334257127139 Ga\n   0.0260855067043679    0.3246164328558245    0.6703252224299926 Te\n   0.4246023204301524    0.4879678581829291    0.9818240398642214 Te\n   0.5957278410052207    0.0063804389569744    0.3577347096456079 Te\n   0.4531091800452315    0.0057472328890573    0.7472051447907297 Te\n   0.9342230713880456    0.2192564484067590    0.1129062984278630 Te\n   0.4468770066866665    0.3922213573156763    0.4017794894555159 Te\n   0.0312930533854514    0.6470342876860737    0.3425460881816454 Te\n   0.9658980965703869    0.7327328445170956    0.9202349469778124 Te\n,1
1.0,Rb Rb Rb Cr Cl Cl Cl Cl Cl Cl 0 8 o-o 0 8 -oo 0 4 oo- 0 4 o-o 0 5 oo- 0 5 -oo 0 9 o-o 0 9 oo- 0 6 -oo 0 6 oo- 0 7 -oo 0 7 o-o 1 5 ooo 1 5 o+o 1 4 oo+ 1 4 o+o 1 6 ooo 1 6 +oo 1 8 o+o 1 8 +oo 1 7 oo+ 1 7 +oo 1 9 ooo 1 9 oo+ 2 9 ooo 2 6 ooo 2 8 ooo 2 4 ooo 2 7 ooo 2 5 ooo 3 5 --o 3 7 -o- 3 6 -oo 3 8 o-- 3 4 o-o 3 9 oo-,Rb3 Cr1 Cl6\n1.0\n   4.5586943782465816    0.0000000000000000    0.0000000000000000\n   0.0442746691060904    5.0881518167284066    0.0000000000000000\n   1.9469053529173319    0.9690881949610558   18.4892525514931343\nRb Cr Cl\n3 1 6\ndirect\n   0.9220485157376347    0.3331801828105778    0.1107267229212119 Rb\n   0.2278518566539247    0.7116440265262378    0.3090661063208954 Rb\n   0.2264491454833912    0.0287584419566024    0.7572437817169477 Rb\n   0.8075055021815574    0.5194320263087138    0.6126778395942597 Cr\n   0.7794752827316542    0.2612508335345024    0.2844181406994032 Cl\n   0.4232456596404482    0.8479406339448534    0.1070081948597790 Cl\n   0.3089827893984460    0.6334265792276326    0.6039892604288658 Cl\n   0.8416851461808620    0.4467291618772645    0.4945848708281458 Cl\n   0.7746628046986243    0.5415537075318051    0.7471857366232970 Cl\n   0.7771188896851696    0.0794080807562102    0.6343168250917310 Cl\n,1
1.0,Fe Fe Te Te Te Te O O O O O O O O O O O O 0 13 oo- 0 16 ooo 0 10 ooo 0 12 ooo 1 14 oo- 1 11 ooo 1 17 oo- 1 15 ooo 2 6 --o 2 7 --o 2 13 -oo 2 9 o-o 2 11 o-o 2 12 ooo 3 8 --o 3 10 -o- 3 16 -oo 3 7 o-- 3 8 o-o 3 17 oo- 4 11 ooo 4 14 oo- 4 17 ooo 4 9 ooo 5 6 ooo 5 15 ooo 5 16 ooo 5 8 ooo,Fe2 Te4 O12\n1.0\n   4.0150560015147567    0.0000000000000000    0.0000000000000000\n   1.0229019820313805    5.6196176359882326    0.0000000000000000\n   1.7161548831995517    0.4460146576723238   19.1433464707934107\nFe Te O\n2 4 12\ndirect\n   0.0968238662360862    0.7985724863773473    0.0791191782382237 Fe\n   0.0865210320779662    0.2126503036860737    0.2174022888304652 Fe\n   0.8733894397486479    0.6610622755018177    0.6488838275062427 Te\n   0.2761523926458553    0.6197205102210143    0.7965154739682498 Te\n   0.3474033198249987    0.7075305941033762    0.2587517840262565 Te\n   0.0039123840978069    0.2289968277704038    0.5507631893662336 Te\n   0.3702277979999238    0.0231056684445858    0.5822616834256990 O\n   0.4208317868413769    0.8051572436936839    0.7198338475304848 O\n   0.7197315029776410    0.3613143127549440    0.6371833167042485 O\n   0.1593796077565899    0.5289101749146706    0.5560272068939830 O\n   0.5136383084883046    0.7175794444063572    0.0141388960151719 O\n   0.1154390849305896    0.9950517662714836    0.2995997258542304 O\n   0.7227543035170263    0.8857895418314784    0.0178461610898017 O\n   0.0461242784776787    0.4624352294968749    0.7334751753614039 O\n   0.2071556494539686    0.8640091806978542    0.1689880411655018 O\n   0.0526102141122836    0.4784817690157164    0.2761521566441689 O\n   0.6006109925619463    0.2037033564935601    0.1950767120063285 O\n   0.7613903595925617    0.3674750715516685    0.1513141726978071 O\n,1
1.0,Cd Cd Cd As S S 0 3 ooo 0 5 ++o 0 5 ooo 0 4 +oo 1 3 o+o 1 3 oo- 1 5 ooo 1 2 +oo 2 4 ooo 2 4 -oo 2 4 ooo 2 5 ooo,Cd3 As1 S2\n1.0\n   4.1778930155145462    0.0000000000000000    0.0000000000000000\n   0.8433023060494560    5.9374710710584058    0.0000000000000000\n   0.4951918948237082    1.9601066904808611    5.9717779712692245\nCd As S\n3 1 2\ndirect\n   0.0763615475386692    0.9900296843860735    0.0255867487519144 Cd\n   0.3616018875143337    0.6757337558505321    0.6522435399948191 Cd\n   0.0623885803256954    0.0413206021235641    0.0004207811967365 Cd\n   0.8265887232224003    0.9213900784683988    0.4421420443319755 As\n   0.6020399305252082    0.4964209597362660    0.1129604317647358 S\n   0.5759242466338589    0.2931611763873375    0.4501345095702310 S\n,1
1.0,Cd Cd O O 0 2 -oo 0 2 ooo 0 2 o-o 0 3 ooo 1 3 --o 1 3 -o- 1 3 o-- 1 2 ooo,Cd2 O2\n1.0\n   1.6018525628964997    3.1931654073717994    0.0000000000000000\n   1.6018525628964997   -3.1931654073717994    0.0000000000000000\n   0.0000000000000000   -0.0400815917547025   -5.7610407562205754\nCd O\n2 2\ndirect\n   0.0016161544539819    0.9983838455460181    0.9964766488286931 Cd\n   0.8063346943370817    0.1936653056629183    0.4961036445730082 Cd\n   0.3006571673679754    0.6993428326320246    0.7899206751373374 O\n   0.5033336246315165    0.4966663753684835    0.2915441146572828 O\n,1
1.0,Sr Sr Sr Nd Fe Fe Sb Sb O O O O O O O O O O O O 0 19 o-o 0 17 o-o 0 14 oo- 0 8 ooo 0 13 ooo 0 15 +-o 0 16 +oo 0 10 +oo 1 10 ooo 1 15 ooo 1 17 ooo 1 14 ooo 1 11 ooo 1 12 ooo 1 9 ooo 1 18 oo+ 2 9 ooo 2 11 ooo 2 16 o+o 2 18 ooo 2 12 o+o 2 13 ooo 2 8 o+o 2 10 o+o 3 12 -o- 3 16 -oo 3 9 -oo 3 14 ooo 3 15 oo- 3 8 ooo 3 19 ooo 3 13 ooo 4 11 -oo 4 14 -oo 4 11 -+o 4 16 ooo 4 9 ooo 4 15 ooo 5 12 o-- 5 17 o-o 5 13 oo- 5 10 o-o 5 17 oo- 5 8 ooo 6 9 o-o 6 19 o-o 6 12 ooo 6 16 ooo 6 8 ooo 6 13 ooo 7 18 -oo 7 11 -o- 7 18 -oo 7 14 oo- 7 10 ooo 7 15 oo-,Sr3 Nd1 Fe2 Sb2 O12\n1.0\n   3.8611513859655879    0.0000000000000000    0.0000000000000000\n  -1.2272546744146025   10.3017015419744329    0.0000000000000000\n  -1.0437827425366983   -4.8229209613200856   11.8503282996856303\nSr Nd Fe Sb O\n3 1 2 2 12\ndirect\n   0.8448621871739701    0.7817889126994071    0.8550754476921305 Sr\n   0.1017886506484827    0.0529522064431543    0.3894597372908607 Sr\n   0.5142161801149694    0.1356331056737846    0.1619318082945562 Sr\n   0.7306194238130083    0.7794473372619890    0.1290942910816436 Nd\n   0.7908214834267744    0.3806602424815785    0.4266450855340521 Fe\n   0.3235146442715964    0.9767917537349865    0.7400672140851554 Fe\n   0.0250649637472743    0.5975289413636734    0.3004710000127270 Sb\n   0.4300717042540365    0.6624692504246131    0.5614872715629790 Sb\n   0.4055004959781238    0.8565815815034238    0.9901647862432774 O\n   0.9832416279448630    0.0124805924721788    0.1823524892661161 O\n   0.8284031137891366    0.0259397904206874    0.7555804221531408 O\n   0.7684118488322402    0.8063445822013408    0.3319340012390884 O\n   0.2952488450497991    0.7615958502296615    0.7139760907981807 O\n   0.8395480946887568    0.4019041485728477    0.2769222765262163 O\n   0.6344110091431264    0.1985448577877467    0.3849741463300798 O\n   0.2756107721813823    0.4611407757493702    0.5158583417341084 O\n   0.9905601641061845    0.5956728691645701    0.1489946563362827 O\n   0.5086972250914664    0.8856122922525228    0.2989806297021506 O\n   0.0066582935864026    0.0255998640316841    0.8633008315358723 O\n   0.1979989381613352    0.7271851482459299    0.9972122054723845 O\n,1
1.0,Ga Ga Mo Mo O O O O O O O O 0 6 -o- 0 10 -oo 0 9 -oo 0 5 ooo 0 8 ooo 0 11 ooo 1 7 o-o 1 4 o-o 1 10 ooo 1 5 o-o 1 9 ooo 1 6 ooo 2 8 oo- 2 11 ooo 2 4 ooo 2 9 ooo 2 7 oo- 2 6 ooo 3 10 -o- 3 8 -oo 3 5 -+o 3 11 ooo 3 4 oo- 3 11 ooo,Ga2 Mo2 O8\n1.0\n   5.4073013682915487    0.0000000000000000    0.0000000000000000\n   2.3511816985980523    5.2538689341964950    0.0000000000000000\n   0.2707415331426741    0.4412124956842789    6.4190063061058105\nGa Mo O\n2 2 8\ndirect\n   0.3386741829414590    0.8783093177917070    0.0172755865212202 Ga\n   0.5362196580532539    0.6457382012896399    0.5626478211215495 Ga\n   0.6190714125538564    0.3173770719253669    0.9533408501072338 Mo\n   0.1378917619722523    0.3402474979554587    0.2966163318790570 Mo\n   0.7534595080964390    0.5669208669050582    0.3400831315904961 O\n   0.4962258753903930    0.0783362088811891    0.1271398781126732 O\n   0.1765640684159830    0.8650280721136423    0.5035520898233843 O\n   0.2807933576162572    0.5756874578596483    0.0741406939987872 O\n   0.5610224921787881    0.3030512114138934    0.6883054794554158 O\n   0.6156982505842823    0.6891317945219263    0.8324521226958180 O\n   0.1807034777228260    0.1007211964687784    0.5698067760801994 O\n   0.0023647389081871    0.1618471819645632    0.0514614085395377 O\n,1
1.0,Na Gd Se Se 0 2 o-o 0 2 -oo 0 2 oo- 0 3 --o 0 3 o-- 0 3 -o- 1 3 o-o 1 3 -oo 1 3 oo- 1 2 oo+ 1 2 +oo 1 2 o+o,Na1 Gd1 Se2\n1.0\n   6.9965080926870886   -2.1096796456932427    0.0000000000000000\n   6.9965080926870886    2.1096796456932427    0.0000000000000000\n   6.3603695863792931    0.0000000000000000    3.5982735336755023\nNa Gd Se\n1 1 2\ndirect\n   0.0000000000000000    0.0000000000000000    0.0000000000000000 Na\n   0.5000000000000000    0.4999999999999998    0.5000000000000000 Gd\n   0.2423786137478181    0.2423786137478183    0.2423786137478183 Se\n   0.7576213862521818    0.7576213862521818    0.7576213862521818 Se\n,0
1.0,Ba Ba Y Y Y Y S S S S S S S S 0 8 -oo 0 9 o-o 0 7 oo- 0 6 ooo 0 13 ooo 0 11 oo- 0 10 ooo 0 12 oo- 1 6 --o 1 8 ooo 1 7 ooo 1 13 ooo 1 9 -oo 1 12 ooo 1 11 o-o 1 10 oo- 2 8 ooo 2 12 oo- 2 11 ooo 2 13 oo- 2 10 ooo 2 6 oo- 2 12 ooo 2 7 o+- 3 13 -oo 3 8 -oo 3 6 -o+ 3 9 ooo 3 7 ooo 3 11 oo+ 3 10 ooo 3 12 ooo 4 8 -oo 4 9 -oo 4 11 oo- 4 6 ooo 4 9 oo- 4 7 ooo 5 10 oo- 5 13 ooo 5 8 ooo 5 12 ooo 5 13 oo- 5 11 o-o 5 10 oo- 5 6 o-o,Ba2 Y4 S8\n1.0\n   5.2471628768980034    0.0000000000000000    0.0000000000000000\n  -0.7246470798480844    7.3199763059864802    0.0000000000000000\n  -1.7632930718934166   -1.4987636775204001   10.8558086158030562\nBa Y S\n2 4 8\ndirect\n   0.9501213567636163    0.1901983025771633    0.7975564287395862 Ba\n   0.6794922765607814    0.8675681355229553    0.2622835758660624 Ba\n   0.3103606774159993    0.2463568267168630    0.4600744461483295 Y\n   0.0601622935790560    0.4228748946281849    0.1858123763981595 Y\n   0.1745768212975154    0.7031070930476745    0.5878757527697305 Y\n   0.5103939716450608    0.6290298696005281    0.9134374762239970 Y\n   0.1857636055613122    0.0848638521509641    0.2240909754674523 S\n   0.0195361372431771    0.5958910316364486    0.9589720722562567 S\n   0.4579222084153435    0.9180968883325815    0.7987592060952267 S\n   0.5456856667250783    0.4465457973735794    0.1117346383306388 S\n   0.8506377220680152    0.4125811562578180    0.4399888788467454 S\n   0.9520349183740353    0.9886623585018948    0.5301702186585164 S\n   0.3675112022308917    0.5953514973184055    0.3887135569644596 S\n   0.4144342953626400    0.4167112446525938    0.7007721664741244 S\n,1
1.0,Na Zr Zr Bi N N O O 0 7 ooo 0 5 +oo 0 6 ooo 0 4 o-o 0 4 ooo 0 4 oo+ 1 5 -oo 1 7 ooo 1 6 ooo 1 4 o++ 1 6 -oo 1 5 ooo 2 6 --- 2 6 o-o 2 4 oo- 2 4 ooo 2 7 o-o 2 5 ooo 3 6 -oo 3 5 ooo 3 5 o+o 3 7 ooo 3 7 o+o 3 4 ooo,Na1 Zr2 Bi1 N2 O2\n1.0\n  -3.2463064968431223    0.0000000000000000    0.0000000000000000\n  -0.0112681722884933   -5.5986663390868285    0.0000000000000000\n   0.3825947719742725    1.4005646559033518    8.1900034094951444\nNa Zr Bi N O\n1 2 1 2 2\ndirect\n   0.8576742702806228    0.9420025820034166    0.0112285633829287 Na\n   0.2926355042700832    0.8382850521367075    0.6573510026045656 Zr\n   0.8014667556127126    0.3836064031089887    0.7786120531794931 Zr\n   0.8004820116110811    0.5353441221649764    0.3047988263873133 Bi\n   0.3281866246169929    0.6437035635940240    0.8502862876310655 N\n   0.7829792605233782    0.5772082150127985    0.5686837810908538 N\n   0.3148826729388230    0.1582385444480006    0.8621552247384607 O\n   0.7818312161275656    0.0621538047198118    0.6013610653779498 O\n,1
1.0,Cs Cs Tb Tb Se Se Se Se 0 6 o-o 0 6 +oo 0 7 o-o 0 7 ooo 0 7 +oo 0 0 +oo 0 0 ++o 0 1 o-o 0 1 +oo 1 1 +oo 1 1 oo- 1 1 ++o 1 5 o-- 1 5 +oo 1 0 o+o 1 0 ++o 1 0 o+o 1 1 +oo 2 1 +oo 2 1 o+o 2 1 o+o 2 4 ooo 2 4 -oo 2 4 ooo 2 5 o+o 2 5 -oo 3 5 --o 3 5 ooo 3 6 ooo 3 6 o-o 3 4 -oo 3 4 o+o 3 7 o-o 3 7 +oo,Cs2 Tb2 Se4\n1.0\n   6.8533886908812613    0.0000000000000000    0.0000000000000000\n   3.2234583727964146    7.1984287236077114    0.0000000000000000\n   2.4608197699537420    2.3024968818101206    7.4981918615941439\nCs Tb Se\n2 2 4\ndirect\n   0.9645763016304811    0.0824707732411488    0.1042478468560385 Cs\n   0.2336768678852263    0.3296365363175817    0.6213940936944400 Cs\n   0.5437360466752952    0.7547779869826302    0.5062527186987751 Tb\n   0.2916770661063900    0.5048137205507626    0.0321174457308167 Tb\n   0.3979279952532545    0.1245775332133596    0.2660200561626107 Se\n   0.1440329310355087    0.8069048955724156    0.7408813633716476 Se\n   0.9208600192294887    0.6244262425383500    0.2766833430783384 Se\n   0.6449832096966009    0.4031784461001912    0.7718201896179693 Se\n,1
1.0,Yb Cd Cd Te Te 0 4 oo- 0 4 +oo 0 3 oo- 0 3 o+o 0 3 oo- 1 3 -oo 1 4 ooo 1 3 ooo 1 3 o++ 1 3 ooo 2 4 o-- 2 4 ooo 2 3 oo+,Yb1 Cd2 Te2\n1.0\n   4.4868027660634136    0.0000000000000000    0.0000000000000000\n  -2.0653064856645926   -5.7812343605509486    0.0000000000000000\n  -1.9827865501519015    0.4896565659607323   -5.9847015001271284\nYb Cd Te\n1 2 2\ndirect\n   0.0162546821305517    0.0368139857638737    0.9752188803014570 Yb\n   0.7177487532071352    0.7708433202002436    0.4477630063360853 Cd\n   0.0381566304906280    0.4362915456105138    0.5331871181689151 Cd\n   0.3210008997813645    0.6100871512756871    0.0002663730957974 Te\n   0.3936743522621465    0.0973586728219495    0.5429440305409233 Te\n,1
1.0,Rb Cu Cu Cu S S 0 5 -oo 0 5 oo+ 0 5 ooo 0 3 o++ 0 3 o+o 0 3 ooo 0 4 oo+ 0 2 ooo 0 2 o+o 0 2 o++ 0 0 o++ 0 1 +o+ 0 1 +++ 0 1 +o+ 0 1 ++o 0 1 o+o 0 4 ooo 0 4 o++ 0 4 +++ 0 4 +oo 0 1 +o+ 0 0 +oo 0 2 ++o 1 2 +++ 1 5 ooo 1 5 o-o 1 3 ooo 1 3 oo+ 1 4 ooo 1 4 +o+ 2 2 ++o 2 3 -oo 2 3 --o 2 4 o-o 2 5 ooo 2 5 ooo 2 5 -o- 3 4 o-o 3 4 ooo 3 5 oo+,Rb1 Cu3 S2\n1.0\n   4.0905776151728181    0.0000000000000000    0.0000000000000000\n   1.3399481694847042    4.4788725662670394    0.0000000000000000\n   1.3413369609587538    1.1398182942723907    7.0750042790840659\nRb Cu S\n1 3 2\ndirect\n   0.1115221429770217    0.0398777590329848    0.8085997260949866 Rb\n   0.4039087527588522    0.6252803745351773    0.4147169691330874 Cu\n   0.7034249044792811    0.0810686527095476    0.3164313690511719 Cu\n   0.9963469935050595    0.5217108054390623    0.2294032537024485 Cu\n   0.8427413531260723    0.6963513096921421    0.5407964482872635 S\n   0.5506459432882027    0.4746849449621865    0.0984085210063794 S\n,1
2.0,Cr Cr Cr Cr Hg Hg O O O O O O O O O O 0 14 -oo 0 15 -oo 0 6 ooo 0 12 ooo 0 10 o+o 1 8 o-o 1 8 o-o 1 13 ooo 1 15 o-o 1 6 ooo 2 7 ooo 2 6 ooo 2 7 oo- 2 11 ooo 2 12 ooo 3 10 oo- 3 9 oo- 3 14 ooo 3 11 o+o 4 15 ooo 4 13 o+o 4 9 oo+ 5 12 oo+ 5 7 +oo 5 14 +oo 5 11 ooo,Cr4 Hg2 O10\n1.0\n   3.7439459517737004    0.0000000000000000    0.0000000000000000\n  -1.6883961018332176    5.0359417878868404    0.0000000000000000\n  -1.7700857104516785   -1.0846429567963014   14.7471417747302507\nCr Hg O\n4 2 10\ndirect\n   0.8731876365518682    0.8581429225737119    0.8824150941624811 Cr\n   0.6463039324611292    0.2969822053539616    0.9127041627574481 Cr\n   0.3682862627170813    0.6713423267315128    0.0275575629087793 Cr\n   0.2656848295419214    0.3268932448506076    0.6760274167367130 Cr\n   0.6656449241857130    0.9293787745386480    0.5834450033618793 Hg\n   0.6725372457224392    0.9871365822370808    0.5860102730179274 Hg\n   0.4189253934319754    0.8992596288554803    0.9253272278219640 O\n   0.4218102736872130    0.5011915762888469    0.5202965611566804 O\n   0.6440130448105609    0.5470147908566801    0.8165302289015448 O\n   0.9004638393533990    0.1432222839536677    0.8205599970081071 O\n   0.6967495772326612    0.3883245319878629    0.5193018474095539 O\n   0.8540943905800739    0.6685674098413388    0.9957734333645532 O\n   0.1327566878206466    0.3340086772706536    0.6526746588092338 O\n   0.4602161965907668    0.7592417184255595    0.1340506577123807 O\n   0.2113365441619042    0.9036330980518493    0.6685355141765894 O\n   0.1989125833092041    0.3216996250621399    0.9847501878231910 O\n,1
2.0,Sn Cd S S 0 3 -oo 0 3 ooo 0 2 ooo 0 2 o+o 1 2 ooo 1 3 oo- 1 3 ooo 1 2 oo+,Cd1 Sn1 S2\n1.0\n   4.0911069841549441    3.9663966940871092    0.0000000000000000\n   4.0911069841549441   -3.9663966940871092    0.0000000000000000\n   0.0000000000000000   -1.6068680508736517   -3.3805578446233473\nCd Sn S\n1 1 2\ndirect\n   0.6592887856877797    0.6592887856877796    0.5000000000000000 Cd\n   0.0435195277723355    0.0435195277723354    0.5000000000000000 Sn\n   0.5056197626374831    0.9909468982357256    0.8029956841267377 S\n   0.9909468982357257    0.5056197626374830    0.1970043158732623 S\n,1
2.0,K K Pd S S 0 1 oo- 0 1 +o- 0 1 o+o 0 1 ++- 0 1 ++o 0 4 o-o 0 4 -oo 0 4 o-o 0 4 oo+ 0 3 +oo 0 3 o+o 0 2 oo+ 1 2 oo- 1 2 -oo 1 4 --o 1 4 o-- 1 3 -o- 1 3 o-- 1 2 -o- 2 3 oo- 2 3 o+o 2 3 oo- 2 4 o+o 2 4 ooo 2 4 o+o 2 4 -oo 2 3 ooo,K2 Pd1 S2\n1.0\n   3.8132190948638702    0.0000000000000000    0.0000000000000000\n  -0.2015244915476438    4.1058949797791895    0.0000000000000000\n  -0.8278192966143351   -0.1120259604795552    7.1138916622138630\nK Pd S\n2 1 2\ndirect\n   0.9634918693248415    0.8124823172785721    0.0137315949659878 K\n   0.8900192402376295    0.3463914272588097    0.5267071879760932 K\n   0.0118455613268975    0.8460126049077729    0.9871596377338192 Pd\n   0.4362060085489649    0.8580564207926942    0.7483941392955095 S\n   0.3182443118574318    0.3343084360934193    0.1657608114289353 S\n,1
2.0,Nb Cu Cu Se Se O O O O O O O O O O O 0 10 -oo 0 15 -oo 0 9 o+o 0 8 -oo 0 11 o+o 0 7 ooo 0 14 ooo 1 10 --- 1 14 --o 1 6 -o- 1 8 oo- 1 11 ooo 1 5 ooo 2 15 ooo 2 10 ooo 2 9 ooo 2 7 ooo 2 6 o-o 2 12 +oo 3 11 oo+ 3 13 ooo 3 8 ooo 3 7 ooo 3 12 ooo 3 9 ooo 4 14 ooo 4 12 ooo 4 10 ooo 4 13 ooo 4 8 oo- 4 11 ooo 5 14 ooo 5 7 ooo 5 6 ooo 5 15 ooo 5 9 ooo,Nb1 Cu2 Se2 O11\n1.0\n   5.1493954514571048    0.0000000000000000    0.0000000000000000\n  -0.8263017434679123    5.6822350538642921    0.0000000000000000\n  -0.2390891367519014   -0.0533694787182429    8.8751522215813257\nNb Cu Se O\n1 2 2 11\ndirect\n   0.9627563510332304    0.9784718254703422    0.0833017883175667 Nb\n   0.0696738240770297    0.4476781365406254    0.1147353577054495 Cu\n   0.8277942979440061    0.5207505301833016    0.4256945643263414 Cu\n   0.3952128976099052    0.6531988862083766    0.8411552963096233 Se\n   0.0427151600570041    0.2412559395103960    0.6378557002957961 Se\n   0.3975016366265829    0.8369579524455512    0.3595296965745916 O\n   0.9325021159360517    0.7019783774691223    0.2120268483620907 O\n   0.7382126663873246    0.3125531530126047    0.5685525655264934 O\n   0.2115232472775053    0.2738191592088673    0.4813041211835254 O\n   0.1061402269823741    0.5845947735148059    0.7261189475960768 O\n   0.9762962496205569    0.7264549897742653    0.2735559639516962 O\n   0.2622144803827529    0.7154099856813546    0.0150520606688682 O\n   0.2133279554319595    0.2255253889433154    0.0100578630089647 O\n   0.7437481095746672    0.9251547220386002    0.9197265689865053 O\n   0.4927853705839800    0.7193490528128227    0.4577863348048065 O\n   0.8267723420783997    0.2059161174580522    0.1969404118360390 O\n,1
2.0,Na Na Sn Sn O O O O 0 6 --o 0 6 o-o 0 5 -oo 0 5 ooo 1 4 -oo 1 4 o+o 1 7 ooo 1 7 ooo 2 5 o-o 2 7 ooo 2 7 +oo 2 6 ooo 3 4 ooo 3 5 o+o 3 6 oo+ 3 4 oo+,Na2 Sn2 O4\n1.0\n   3.5518183300926784    0.0000000000000000    0.0000000000000000\n   0.2124307623591808    5.9029009627369016    0.0000000000000000\n   0.2926078983297194    2.1848078266232465    5.7649587379403044\nNa Sn O\n2 2 4\ndirect\n   0.1896653831202426    0.8242011001285577    0.1132296417802208 Na\n   0.9251823521437935    0.8699536750613204    0.6422466897512478 Na\n   0.4773202611023324    0.3774832516373621    0.6292916253898171 Sn\n   0.7960597071664793    0.3103219258203378    0.1271392713990682 Sn\n   0.4325273412079882    0.1503589374580518    0.4446632122733160 O\n   0.9754209224577111    0.5574789869117845    0.4815853798659754 O\n   0.4416327693742723    0.5675719325791080    0.8588806345829587 O\n   0.7236671988684795    0.1004699204582737    0.8998233372717057 O\n,1
2.0,Mn Mn Pb Pb O O O O O O 0 6 ooo 0 5 ooo 0 8 ooo 0 7 ooo 0 4 o+o 0 9 oo+ 1 8 --o 1 7 -o- 1 4 o-- 1 4 oo- 1 7 o-o 1 5 ooo 2 6 -oo 2 6 ooo 2 9 o-o 2 9 o-o 2 4 oo- 2 7 ooo 2 5 o-o 2 5 ooo 3 8 oo- 3 8 ooo 3 7 oo- 3 6 ooo 3 9 oo- 3 4 oo- 3 7 ooo 3 5 ooo,Mn2 Pb2 O6\n1.0\n  -3.6593414951221028    0.0000000000000000    0.0000000000000000\n  -1.4141354068700152   -6.9316041624101175    0.0000000000000000\n  -1.2154859090063468   -3.4568110759901827    6.6612594224890849\nMn Pb O\n2 2 6\ndirect\n   0.9334327453143959    0.0040313026857992    0.9924335451096981 Mn\n   0.7936313552752662    0.5554332628162195    0.3787619322001891 Mn\n   0.2701395085128083    0.1677939916312517    0.2715100674313946 Pb\n   0.6139170590822084    0.6900645260042071    0.8607518297450534 Pb\n   0.6915869423563610    0.2874516768845466    0.3912590224268298 O\n   0.8130729191911086    0.2695685002049930    0.0059966287918191 O\n   0.2435979044200184    0.5805019635669277    0.5089578059577349 O\n   0.1554971856267070    0.7694007269287899    0.5434419800577377 O\n   0.0238758802628157    0.6889452205735044    0.0777007594668105 O\n   0.4523232652043452    0.0010786025974169    0.9370488419013059 O\n,1
2.0,Ti Ti Si Si 0 2 ooo 0 2 +oo 0 2 ++o 0 3 o-o 0 3 ooo 0 3 +oo 0 0 ++o 1 3 -oo 1 3 ooo 1 3 o+o 1 2 ooo 1 2 oo+,Ti2 Si2\n1.0\n   2.9762288486739061    0.0000000000000000    0.0000000000000000\n  -0.0137813722021246    3.0240769377943666    0.0000000000000000\n  -0.0229767229779708   -0.0313352816570691    6.6704700691215031\nTi Si\n2 2\ndirect\n   0.0238594171236958    0.9757439646042614    0.0442333770375172 Ti\n   0.0391434464058339    0.9826899801952383    0.5446188923664794 Ti\n   0.5368738550488141    0.4892905357976964    0.2953317535600136 Si\n   0.5293957967086179    0.4795645001460747    0.7935194557791307 Si\n,1
2.0,In In S S 0 2 --- 0 2 -o- 0 2 oo- 0 3 --o 0 3 o-- 0 3 -o- 1 3 o-o 1 3 ooo 1 3 +o+ 1 2 o++ 1 2 ooo 1 2 oo+,In2 S2\n1.0\n   3.7977478482003395    0.0000000000000000    0.0000000000000000\n   1.6757848969360902    3.5460915583037336    0.0000000000000000\n   1.7308673562166608    1.0078475100259356    7.8736711930372758\nIn S\n2 2\ndirect\n   0.0207532074229565    0.9591998295687058    0.9700294525791656 In\n   0.3202844581908882    0.6102539012598178    0.5024839576489700 In\n   0.7621465016277352    0.5415505749257843    0.7347627036140822 S\n   0.7228547142815001    0.0286870044798417    0.3404677426505681 S\n,1
2.0,Rb Bi I I I I I I I 0 3 ooo 0 5 ooo 0 8 oo+ 0 8 ooo 0 4 ooo 0 6 ooo 0 7 ooo 0 7 ooo 0 3 oo+ 1 7 oo- 1 6 ooo 1 6 o-o 1 4 ooo 1 5 oo- 1 8 ooo 2 7 --o 2 6 -o- 2 4 o-- 2 5 ooo 2 8 o-o 2 4 -oo 3 7 -oo 3 5 -oo 3 6 ooo 3 3 ooo 4 5 o-- 4 6 oo- 4 8 -oo 4 8 -o-,Rb1 Bi1 I7\n1.0\n  -7.4950502024069028    0.0000000000000000    0.0000000000000000\n  -0.1754580718176977   -8.4153813872261587    0.0000000000000000\n   2.9512583196047810    3.2469083984893139    9.2033819242688271\nRb Bi I\n1 1 7\ndirect\n   0.0295647560320279    0.9733069786204593    0.0829781986121039 Rb\n   0.8777268612818203    0.2663825470086973    0.5242305188216745 Bi\n   0.4919798172546734    0.6757172126055047    0.0849378789568023 I\n   0.9317874801355571    0.6058805328755745    0.7365067447729379 I\n   0.4788335802423203    0.9056974375935080    0.9278411361876193 I\n   0.0109523096242644    0.9363858405541754    0.4384709364204503 I\n   0.4800020416188853    0.1819595706714934    0.4135246546100668 I\n   0.2836559164919426    0.3975010772967427    0.0815666716039374 I\n   0.8841213765872157    0.3957298853027746    0.2932363826683593 I\n,1
2.0,Rb Rb Ga Cu F F F F F F 0 9 oo- 0 9 ooo 0 4 o-o 0 4 ooo 0 7 -oo 0 7 ooo 0 8 o-o 0 8 oo- 0 6 -oo 0 6 oo- 0 5 -oo 0 5 o-o 1 6 ooo 1 6 o+o 1 7 oo+ 1 7 o+o 1 9 o+o 1 9 +oo 1 8 ooo 1 8 +oo 1 4 oo+ 1 4 +oo 1 5 ooo 1 5 oo+ 2 9 ooo 2 4 ooo 2 8 ooo 2 7 ooo 2 6 ooo 2 5 ooo 3 5 --o 3 6 -o- 3 7 -oo 3 8 o-- 3 4 o-o 3 9 oo-,Rb2 Ga1 Cu1 F6\n1.0\n   4.2081330205836203    4.2066864621833853    0.0000000000000000\n   4.2081330205836203   -4.2066864621833853    0.0000000000000000\n   0.0000000000000000   -4.1807709182639767   -4.2094205561763021\nRb Ga Cu F\n2 1 1 6\ndirect\n   0.0020871949294941    0.4932396928960993    0.9999090540309694 Rb\n   0.5067603071039009    0.9979128050705059    0.9999090540309694 Rb\n   0.2587019454367034    0.7412980545632966    0.4997673927667767 Ga\n   0.7606589628386754    0.2393410371613246    0.4995014378518639 Cu\n   0.4856935938716171    0.5143064061283829    0.9638387959636163 F\n   0.0283028872381408    0.9716971127618592    0.5032887281608971 F\n   0.0250956238302180    0.9749043761697820    0.0353920430941952 F\n   0.4876457051394630    0.9767077275905037    0.4997077129073977 F\n   0.0232922724094964    0.5123542948605371    0.4997077129073977 F\n   0.4890937959247717    0.5109062040752284    0.4959369899945940 F\n,0
